Timestamp,Gas Sensor (PPM),HCHO Sensor (PPM),EC Sense (PPB),PM 1.0 (ug/m3),PM 2.5 (ug/m3),PM 4.0 (ug/m3),PM 10.0 (ug/m3),VOC Index (0-500)
2023-01-23 19:58:01.599510,0.19,0.94,376.0,0.7,0.0,0.0,0.0,186.0
2023-01-23 19:58:06.624423,0.19,0.68,383.0,0.7,0.0,0.0,0.0,186.0
2023-01-23 19:58:11.647768,0.23,0.53,381.0,0.7,0.0,0.0,0.0,186.0
2023-01-23 19:58:16.670353,0.22,0.68,381.0,0.6,0.7,0.0,0.0,186.0
2023-01-23 19:58:21.695108,0.21,0.68,383.0,0.6,0.7,0.0,0.0,187.0
2023-01-23 19:58:26.720333,0.2,0.6,385.0,0.6,0.7,0.0,0.0,187.0
2023-01-23 19:58:31.743667,0.21,0.85,387.0,0.5,0.6,0.0,0.0,187.0
2023-01-23 19:58:36.767563,0.21,0.68,388.0,0.5,0.6,0.0,0.0,187.0
2023-01-23 19:58:41.791745,0.21,0.68,390.0,0.5,0.6,0.0,0.0,187.0
2023-01-23 19:58:46.816868,0.23,0.85,393.0,0.5,0.6,0.0,0.0,187.0
2023-01-23 19:58:51.840713,0.21,0.85,394.0,0.6,0.6,0.0,0.0,188.0
2023-01-23 19:58:56.864419,0.21,0.76,397.0,0.6,0.6,0.0,0.0,188.0
2023-01-23 19:59:01.888332,0.2,0.76,399.0,0.6,0.6,0.0,0.0,188.0
2023-01-23 19:59:06.912309,0.21,1.04,399.0,0.6,0.6,0.0,0.0,188.0
2023-01-23 19:59:11.938565,0.22,0.53,399.0,0.6,0.7,0.0,0.0,189.0
2023-01-23 19:59:16.962349,0.19,0.6,399.0,0.7,0.7,0.0,0.0,189.0
2023-01-23 19:59:21.986702,0.22,0.68,398.0,0.6,0.7,0.0,0.0,189.0
2023-01-23 19:59:27.010344,0.2,0.6,398.0,0.6,0.7,0.0,0.0,189.0
2023-01-23 19:59:32.034131,0.22,0.6,397.0,0.5,0.7,0.0,0.0,189.0
2023-01-23 19:59:37.061624,0.21,0.85,397.0,0.5,0.7,0.0,0.0,190.0
2023-01-23 19:59:42.083467,0.21,0.68,395.0,0.5,0.7,0.0,0.0,190.0
2023-01-23 19:59:47.107209,0.21,0.85,395.0,0.5,0.7,0.0,0.0,190.0
2023-01-23 19:59:52.130105,0.19,0.76,394.0,0.5,0.6,0.0,0.0,190.0
2023-01-23 19:59:57.154706,0.21,0.68,395.0,0.5,0.6,0.0,0.0,191.0
2023-01-23 20:00:02.177546,0.21,0.68,394.0,0.6,0.6,0.0,0.0,191.0
2023-01-23 20:00:07.205754,0.23,0.76,393.0,0.6,0.7,0.0,0.0,191.0
2023-01-23 20:00:12.230812,0.2,0.46,393.0,0.7,0.7,0.0,0.0,191.0
2023-01-23 20:00:17.252927,0.21,0.53,393.0,0.6,0.7,0.0,0.0,190.0
2023-01-23 20:00:22.276319,0.22,0.76,393.0,0.6,0.7,0.0,0.0,190.0
2023-01-23 20:00:27.301147,0.19,0.85,392.0,0.5,0.7,0.0,0.0,190.0
2023-01-23 20:00:32.324132,0.19,0.53,392.0,0.5,0.7,0.0,0.0,190.0
2023-01-23 20:00:37.348069,0.21,0.85,392.0,0.6,0.7,0.0,0.0,190.0
2023-01-23 20:00:42.373241,0.23,0.24,393.0,0.7,0.7,0.0,0.0,190.0
2023-01-23 20:00:47.400738,0.22,0.85,393.0,0.7,0.7,0.0,0.0,190.0
2023-01-23 20:00:52.424527,0.2,0.68,393.0,0.6,0.7,0.0,0.0,190.0
2023-01-23 20:00:57.449794,0.21,0.76,394.0,0.6,0.7,0.0,0.0,190.0
2023-01-23 20:01:02.472111,0.2,0.85,394.0,0.6,0.7,0.0,0.0,190.0
2023-01-23 20:01:07.496270,0.19,0.53,394.0,0.6,0.7,0.0,0.0,190.0
2023-01-23 20:01:12.519883,0.22,0.85,394.0,0.5,0.6,0.0,0.0,190.0
2023-01-23 20:01:17.543367,0.22,0.94,394.0,0.6,0.6,0.0,0.0,190.0
2023-01-23 20:01:22.568845,0.21,0.94,394.0,0.6,0.6,0.0,0.0,190.0
2023-01-23 20:01:27.592619,0.21,0.68,395.0,0.7,0.6,0.0,0.0,190.0
2023-01-23 20:01:32.615091,0.21,0.76,395.0,0.8,0.6,0.0,0.0,190.0
2023-01-23 20:01:37.639044,0.21,0.68,395.0,0.8,0.6,0.0,0.0,190.0
2023-01-23 20:01:42.663698,0.19,0.6,395.0,0.8,0.6,0.0,0.0,190.0
2023-01-23 20:01:47.690383,0.21,0.85,397.0,0.7,0.6,0.0,0.0,190.0
2023-01-23 20:01:52.714660,0.21,0.46,399.0,0.7,0.6,0.0,0.0,190.0
2023-01-23 20:01:57.738951,0.21,0.76,401.0,0.6,0.7,0.0,0.0,190.0
2023-01-23 20:02:02.762240,0.24,0.76,402.0,0.6,0.7,0.0,0.0,190.0
2023-01-23 20:02:07.784030,0.19,0.53,403.0,0.8,0.7,0.0,0.0,189.0
2023-01-23 20:02:12.807853,0.21,0.85,403.0,0.9,0.7,0.0,0.0,190.0
2023-01-23 20:02:17.834105,0.23,0.94,403.0,0.9,0.7,0.0,0.0,190.0
2023-01-23 20:02:22.857054,0.22,0.85,403.0,0.8,0.7,0.0,0.0,190.0
2023-01-23 20:02:27.882235,0.2,1.25,401.0,0.7,0.8,0.0,0.0,190.0
2023-01-23 20:02:32.907428,0.21,0.53,401.0,0.7,0.8,0.0,0.0,190.0
2023-01-23 20:02:37.932203,0.18,0.53,399.0,0.7,0.8,0.0,0.0,190.0
2023-01-23 20:02:42.952398,0.19,0.94,398.0,0.7,0.8,0.0,0.0,190.0
2023-01-23 20:02:47.979562,0.2,0.53,397.0,0.7,0.8,0.0,0.0,190.0
2023-01-23 20:02:53.003381,0.21,0.6,395.0,0.7,0.8,0.0,0.0,189.0
2023-01-23 20:02:58.028485,0.21,0.68,394.0,0.5,0.8,0.0,0.0,189.0
2023-01-23 20:03:03.051152,0.22,0.68,393.0,0.6,0.8,0.0,0.0,189.0
2023-01-23 20:03:08.074959,0.21,1.14,394.0,0.6,0.8,0.0,0.0,189.0
2023-01-23 20:03:13.098051,0.21,0.94,394.0,0.6,0.8,0.0,0.0,189.0
2023-01-23 20:03:18.122727,0.23,0.85,397.0,0.7,0.8,0.0,0.0,190.0
2023-01-23 20:03:23.146169,0.21,0.68,397.0,0.7,0.8,0.0,0.0,190.0
2023-01-23 20:03:28.170657,0.21,0.53,398.0,0.7,0.8,0.0,0.0,190.0
2023-01-23 20:03:33.194676,0.21,0.68,398.0,0.7,0.8,0.0,0.0,189.0
2023-01-23 20:03:38.218724,0.23,0.85,399.0,0.6,0.7,0.0,0.0,189.0
2023-01-23 20:03:43.241909,0.19,0.76,399.0,0.6,0.7,0.0,0.0,189.0
2023-01-23 20:03:48.266368,0.19,0.6,401.0,0.7,0.7,0.0,0.0,189.0
2023-01-23 20:03:53.289834,0.21,0.76,401.0,0.6,0.7,0.0,0.0,189.0
2023-01-23 20:03:58.314521,0.21,0.46,402.0,0.6,0.7,0.0,0.0,189.0
2023-01-23 20:04:03.336772,0.22,0.76,402.0,0.6,0.7,0.0,0.0,190.0
2023-01-23 20:04:08.360712,0.21,1.04,402.0,0.6,0.7,0.0,0.0,190.0
2023-01-23 20:04:13.386832,0.21,0.68,402.0,0.6,0.7,0.0,0.0,190.0
2023-01-23 20:04:18.411885,0.2,0.53,402.0,0.6,0.7,0.0,0.0,190.0
2023-01-23 20:04:23.437166,0.21,0.6,402.0,0.6,0.7,0.0,0.0,190.0
2023-01-23 20:04:28.460279,0.2,0.6,402.0,0.6,0.7,0.0,0.0,190.0
2023-01-23 20:04:33.481452,0.21,0.76,402.0,0.6,0.7,0.0,0.0,190.0
2023-01-23 20:04:38.505193,0.21,1.14,401.0,0.6,0.7,0.0,0.0,190.0
2023-01-23 20:04:43.530509,0.21,0.68,398.0,0.6,0.7,0.0,0.0,190.0
2023-01-23 20:04:48.557509,0.21,0.53,397.0,0.6,0.7,0.0,0.0,189.0
2023-01-23 20:04:53.581677,0.2,0.68,395.0,0.6,0.7,0.0,0.0,189.0
2023-01-23 20:04:58.605334,0.2,0.68,395.0,0.5,0.7,0.0,0.0,189.0
2023-01-23 20:05:03.630545,0.21,0.94,395.0,0.6,0.7,0.0,0.0,189.0
2023-01-23 20:05:08.654385,0.22,0.68,394.0,0.6,0.7,0.0,0.0,189.0
2023-01-23 20:05:13.676802,0.21,0.76,395.0,0.6,0.7,0.0,0.0,189.0
2023-01-23 20:05:18.701649,0.21,0.46,395.0,0.5,0.6,0.0,0.0,189.0
2023-01-23 20:05:23.725021,0.21,0.94,395.0,0.6,0.7,0.0,0.0,189.0
2023-01-23 20:05:28.750689,0.21,0.94,397.0,0.6,0.7,0.0,0.0,189.0
2023-01-23 20:05:33.773137,0.21,0.76,398.0,0.6,0.7,0.0,0.0,189.0
2023-01-23 20:05:38.798346,0.21,0.53,398.0,0.6,0.7,0.0,0.0,189.0
2023-01-23 20:05:43.823212,0.19,1.04,398.0,0.8,0.7,0.0,0.0,189.0
2023-01-23 20:05:48.848500,0.21,1.04,398.0,0.8,0.7,0.0,0.0,189.0
2023-01-23 20:05:53.874254,0.21,1.25,398.0,0.8,0.7,0.0,0.0,189.0
2023-01-23 20:05:58.898092,0.2,0.85,397.0,0.8,0.7,0.0,0.0,189.0
2023-01-23 20:06:03.923217,0.23,0.85,397.0,0.7,0.8,0.0,0.0,189.0
2023-01-23 20:06:08.944177,0.22,0.85,397.0,0.7,0.8,0.0,0.0,189.0
2023-01-23 20:06:13.968098,0.21,0.76,398.0,0.7,0.8,0.0,0.0,189.0
2023-01-23 20:06:18.991518,0.2,0.53,398.0,0.7,0.8,0.0,0.0,189.0
2023-01-23 20:06:24.014222,0.21,0.76,398.0,0.7,0.8,0.0,0.0,189.0
2023-01-23 20:06:29.038030,0.23,0.85,397.0,0.7,0.8,0.0,0.0,189.0
2023-01-23 20:06:34.063141,0.19,1.04,397.0,0.8,0.8,0.0,0.0,189.0
2023-01-23 20:06:39.086560,0.21,1.14,397.0,0.8,0.9,0.0,0.0,189.0
2023-01-23 20:06:44.113023,0.19,0.76,395.0,0.8,0.9,0.0,0.0,189.0
2023-01-23 20:06:49.136594,0.21,0.53,395.0,0.7,0.9,0.0,0.0,189.0
2023-01-23 20:06:54.160689,0.19,0.68,395.0,0.7,0.9,0.0,0.0,189.0
2023-01-23 20:06:59.185579,0.19,0.76,394.0,0.6,0.9,0.0,0.0,189.0
2023-01-23 20:07:04.209485,0.21,0.85,393.0,0.6,0.7,0.0,0.0,189.0
2023-01-23 20:07:09.233254,0.21,0.76,393.0,0.7,0.7,0.0,0.0,189.0
2023-01-23 20:07:14.259495,0.21,0.85,394.0,0.7,0.7,0.0,0.0,189.0
2023-01-23 20:07:19.281526,0.21,0.68,395.0,0.7,0.8,0.0,0.0,189.0
2023-01-23 20:07:24.301539,0.22,0.76,397.0,0.8,0.8,0.0,0.0,189.0
2023-01-23 20:07:29.326682,0.22,0.94,397.0,0.8,0.8,0.0,0.0,189.0
2023-01-23 20:07:34.352090,0.21,0.76,397.0,0.7,0.8,0.0,0.0,189.0
2023-01-23 20:07:39.374625,0.21,0.46,397.0,0.8,0.8,0.0,0.0,189.0
2023-01-23 20:07:44.398546,0.21,0.68,397.0,0.8,0.8,0.0,0.0,188.0
2023-01-23 20:07:49.424468,0.2,0.85,397.0,0.7,0.8,0.0,0.0,188.0
2023-01-23 20:07:54.451971,0.22,0.85,395.0,0.7,0.8,0.0,0.0,188.0
2023-01-23 20:07:59.474147,0.21,0.53,394.0,0.6,0.7,0.0,0.0,188.0
2023-01-23 20:08:04.496537,0.19,0.68,394.0,0.7,0.7,0.0,0.0,188.0
2023-01-23 20:08:09.520457,0.23,0.68,393.0,0.6,0.7,0.0,0.0,188.0
2023-01-23 20:08:14.546406,0.21,0.6,393.0,0.7,0.8,0.0,0.0,188.0
2023-01-23 20:08:19.572758,0.25,0.76,393.0,0.7,0.8,0.0,0.0,188.0
2023-01-23 20:08:24.596299,0.19,0.46,394.0,0.7,0.8,0.0,0.0,188.0
2023-01-23 20:08:29.620779,0.21,0.68,394.0,0.7,0.8,0.0,0.0,188.0
2023-01-23 20:08:34.645858,0.18,0.68,394.0,0.6,0.8,0.0,0.0,188.0
2023-01-23 20:08:39.669700,0.21,0.85,395.0,0.6,0.8,0.0,0.0,188.0
2023-01-23 20:08:44.693533,0.22,0.85,397.0,0.6,0.8,0.0,0.0,188.0
2023-01-23 20:08:49.716641,0.21,0.76,398.0,0.6,0.8,0.0,0.0,188.0
2023-01-23 20:08:54.737716,0.2,0.76,399.0,0.6,0.8,0.0,0.0,188.0
2023-01-23 20:08:59.762668,0.23,0.6,401.0,0.6,0.8,0.0,0.0,188.0
2023-01-23 20:09:04.785510,0.2,0.76,401.0,0.5,0.6,0.0,0.0,188.0
2023-01-23 20:09:09.813794,0.21,0.76,401.0,0.6,0.6,0.0,0.0,188.0
2023-01-23 20:09:14.837607,0.19,0.94,402.0,0.6,0.6,0.0,0.0,187.0
2023-01-23 20:09:19.862890,0.21,0.34,402.0,0.6,0.6,0.0,0.0,187.0
2023-01-23 20:09:24.886556,0.2,1.04,403.0,0.5,0.6,0.0,0.0,187.0
2023-01-23 20:09:29.912122,0.22,0.85,406.0,0.5,0.6,0.0,0.0,187.0
2023-01-23 20:09:34.935562,0.18,0.46,407.0,0.6,0.6,0.0,0.0,187.0
2023-01-23 20:09:39.957864,0.19,0.6,407.0,0.6,0.7,0.0,0.0,187.0
2023-01-23 20:09:44.982694,0.22,0.68,408.0,0.6,0.7,0.0,0.0,187.0
2023-01-23 20:09:50.005517,0.2,0.76,408.0,0.6,0.7,0.0,0.0,187.0
2023-01-23 20:09:55.029501,0.18,0.94,408.0,0.6,0.7,0.0,0.0,187.0
2023-01-23 20:10:00.054121,0.21,0.85,408.0,0.6,0.7,0.0,0.0,187.0
2023-01-23 20:10:05.077245,0.21,0.85,408.0,0.5,0.6,0.0,0.0,187.0
2023-01-23 20:10:10.102927,0.18,0.39,407.0,0.6,0.6,0.0,0.0,187.0
2023-01-23 20:10:15.129425,0.2,0.76,406.0,0.6,0.7,0.0,0.0,187.0
2023-01-23 20:10:20.153373,0.2,1.36,403.0,0.7,0.7,0.0,0.0,187.0
2023-01-23 20:10:25.177148,0.18,0.53,402.0,0.6,0.7,0.0,0.0,187.0
2023-01-23 20:10:30.200262,0.21,0.53,401.0,0.6,0.7,0.0,0.0,187.0
2023-01-23 20:10:35.224487,0.2,0.94,399.0,0.7,0.7,0.0,0.0,187.0
2023-01-23 20:10:40.247116,0.21,0.85,398.0,0.7,0.7,0.0,0.0,187.0
2023-01-23 20:10:45.272268,0.21,0.85,398.0,0.7,0.7,0.0,0.0,187.0
2023-01-23 20:10:50.297065,0.24,1.04,399.0,0.7,0.7,0.0,0.0,187.0
2023-01-23 20:10:55.321162,0.21,0.68,398.0,0.7,0.7,0.0,0.0,187.0
2023-01-23 20:11:00.348504,0.22,0.6,399.0,0.7,0.8,0.0,0.0,187.0
2023-01-23 20:11:05.371053,0.21,1.14,399.0,0.7,0.8,0.0,0.0,187.0
2023-01-23 20:11:10.397738,0.23,0.85,401.0,0.6,0.8,0.0,0.0,187.0
2023-01-23 20:11:15.420478,0.21,1.36,402.0,0.6,0.8,0.0,0.0,187.0
2023-01-23 20:11:20.443445,0.2,0.94,403.0,0.6,0.8,0.0,0.0,187.0
2023-01-23 20:11:25.468503,0.19,0.85,403.0,0.6,0.8,0.0,0.0,187.0
2023-01-23 20:11:30.491545,0.21,0.94,402.0,0.6,0.8,0.0,0.0,187.0
2023-01-23 20:11:35.514565,0.19,0.76,402.0,0.5,0.8,0.0,0.0,187.0
2023-01-23 20:11:40.540594,0.19,0.68,402.0,0.4,0.5,0.0,0.0,187.0
2023-01-23 20:11:45.566593,0.19,0.53,402.0,0.5,0.5,0.0,0.0,188.0
2023-01-23 20:11:50.590609,0.19,0.94,404.0,0.4,0.5,0.0,0.0,188.0
2023-01-23 20:11:55.617670,0.21,0.6,406.0,0.5,0.5,0.0,0.0,188.0
2023-01-23 20:12:00.641708,0.21,0.53,406.0,0.6,0.5,0.0,0.0,188.0
2023-01-23 20:12:05.666682,0.19,0.53,406.0,0.5,0.6,0.0,0.0,187.0
2023-01-23 20:12:10.690722,0.19,0.76,407.0,0.5,0.6,0.0,0.0,187.0
2023-01-23 20:12:15.714617,0.21,0.94,408.0,0.5,0.6,0.0,0.0,187.0
2023-01-23 20:12:20.739814,0.2,0.85,409.0,0.5,0.6,0.0,0.0,187.0
2023-01-23 20:12:25.763670,0.19,0.68,409.0,0.5,0.6,0.0,0.0,187.0
2023-01-23 20:12:30.788934,0.21,0.94,408.0,0.5,0.6,0.0,0.0,187.0
2023-01-23 20:12:35.812859,0.21,0.94,407.0,0.5,0.6,0.0,0.0,187.0
2023-01-23 20:12:40.837745,0.21,0.94,406.0,0.5,0.6,0.0,0.0,187.0
2023-01-23 20:12:45.862971,0.2,0.94,406.0,0.5,0.6,0.0,0.0,187.0
2023-01-23 20:12:50.886755,0.21,0.94,404.0,0.5,0.6,0.0,0.0,187.0
2023-01-23 20:12:55.912042,0.21,0.85,404.0,0.5,0.6,0.0,0.0,187.0
2023-01-23 20:13:00.935800,0.21,0.85,403.0,0.5,0.6,0.0,0.0,187.0
2023-01-23 20:13:05.961029,0.2,0.85,402.0,0.6,0.6,0.0,0.0,187.0
2023-01-23 20:13:10.984862,0.21,0.76,401.0,0.6,0.6,0.0,0.0,187.0
2023-01-23 20:13:16.008708,0.18,0.85,399.0,0.6,0.6,0.0,0.0,187.0
2023-01-23 20:13:21.032444,0.19,0.46,401.0,0.6,0.7,0.0,0.0,187.0
2023-01-23 20:13:26.055674,0.19,0.46,401.0,0.6,0.7,0.0,0.0,187.0
2023-01-23 20:13:31.080442,0.2,0.76,402.0,0.6,0.7,0.0,0.0,187.0
2023-01-23 20:13:36.105058,0.21,0.6,401.0,0.7,0.7,0.0,0.0,187.0
2023-01-23 20:13:41.128606,0.18,0.68,402.0,0.7,0.8,0.0,0.0,187.0
2023-01-23 20:13:46.153878,0.21,1.04,403.0,0.8,0.8,0.0,0.0,187.0
2023-01-23 20:13:51.178088,0.2,0.6,404.0,0.8,0.8,0.0,0.0,187.0
2023-01-23 20:13:56.202441,0.2,0.6,406.0,0.9,0.8,0.0,0.0,187.0
2023-01-23 20:14:01.227695,0.19,0.53,407.0,0.9,0.8,0.0,0.0,187.0
2023-01-23 20:14:06.250792,0.22,0.85,407.0,0.8,0.8,0.0,0.0,187.0
2023-01-23 20:14:11.274382,0.22,0.6,408.0,0.8,0.8,0.0,0.0,187.0
2023-01-23 20:14:16.298358,0.22,0.94,409.0,0.8,0.8,0.0,0.0,187.0
2023-01-23 20:14:21.322804,0.21,0.85,409.0,0.7,0.8,0.0,0.0,187.0
2023-01-23 20:14:26.346805,0.2,0.76,409.0,0.7,0.8,0.0,0.0,187.0
2023-01-23 20:14:31.370537,0.21,0.94,408.0,0.6,0.8,0.0,0.0,187.0
2023-01-23 20:14:36.393327,0.17,0.76,408.0,0.5,0.6,0.0,0.0,187.0
2023-01-23 20:14:41.418464,0.21,0.85,408.0,0.6,0.6,0.0,0.0,187.0
2023-01-23 20:14:46.441244,0.2,0.85,407.0,0.7,0.6,0.0,0.0,187.0
2023-01-23 20:14:51.465674,0.2,0.68,406.0,0.7,0.6,0.0,0.0,187.0
2023-01-23 20:14:56.489303,0.22,0.85,406.0,0.6,0.6,0.0,0.0,187.0
2023-01-23 20:15:01.514193,0.19,0.85,406.0,0.6,0.6,0.0,0.0,187.0
2023-01-23 20:15:06.538296,0.19,0.6,406.0,0.6,0.7,0.0,0.0,187.0
2023-01-23 20:15:11.563749,0.21,1.04,406.0,0.7,0.7,0.0,0.0,187.0
2023-01-23 20:15:16.587929,0.2,0.76,406.0,0.6,0.7,0.0,0.0,187.0
2023-01-23 20:15:21.611006,0.22,1.04,407.0,0.6,0.7,0.0,0.0,187.0
2023-01-23 20:15:26.634740,0.18,0.85,408.0,0.6,0.7,0.0,0.0,187.0
2023-01-23 20:15:31.659387,0.21,1.04,408.0,0.6,0.7,0.0,0.0,187.0
2023-01-23 20:15:36.683965,0.21,0.85,408.0,0.5,0.6,0.0,0.0,187.0
2023-01-23 20:15:41.707811,0.18,0.6,408.0,0.5,0.6,0.0,0.0,187.0
2023-01-23 20:15:46.732081,0.2,0.94,409.0,0.5,0.6,0.0,0.0,187.0
2023-01-23 20:15:51.755544,0.19,0.85,411.0,0.4,0.5,0.0,0.0,187.0
2023-01-23 20:15:56.780783,0.21,0.76,412.0,0.4,0.5,0.0,0.0,187.0
2023-01-23 20:16:01.806215,0.19,0.76,412.0,0.4,0.5,0.0,0.0,187.0
2023-01-23 20:16:06.830069,0.19,0.76,412.0,0.3,0.5,0.0,0.0,187.0
2023-01-23 20:16:11.853665,0.19,0.46,413.0,0.3,0.5,0.0,0.0,187.0
2023-01-23 20:16:16.877597,0.19,0.53,415.0,0.4,0.5,0.0,0.0,187.0
2023-01-23 20:16:21.902555,0.21,0.76,415.0,0.5,0.6,0.0,0.0,187.0
2023-01-23 20:16:26.926655,0.23,0.68,415.0,0.5,0.6,0.0,0.0,187.0
2023-01-23 20:16:31.952370,0.19,0.39,415.0,0.5,0.6,0.0,0.0,187.0
2023-01-23 20:16:36.974927,0.19,1.36,415.0,0.5,0.6,0.0,0.0,187.0
2023-01-23 20:16:42.001080,0.21,0.76,413.0,0.5,0.6,0.0,0.0,187.0
2023-01-23 20:16:47.025593,0.18,0.68,413.0,0.5,0.6,0.0,0.0,187.0
2023-01-23 20:16:52.049294,0.21,0.76,412.0,0.5,0.6,0.0,0.0,187.0
2023-01-23 20:16:57.075511,0.21,0.76,411.0,0.6,0.6,0.0,0.0,187.0
2023-01-23 20:17:02.096346,0.19,0.94,409.0,0.5,0.6,0.0,0.0,187.0
2023-01-23 20:17:07.123247,0.22,0.68,408.0,0.6,0.6,0.0,0.0,187.0
2023-01-23 20:17:12.148030,0.19,0.85,407.0,0.6,0.6,0.0,0.0,187.0
2023-01-23 20:17:17.171434,0.21,0.85,406.0,0.5,0.6,0.0,0.0,187.0
2023-01-23 20:17:22.196905,0.23,0.46,404.0,0.5,0.6,0.0,0.0,187.0
2023-01-23 20:17:27.228104,0.2,0.94,403.0,0.6,0.6,0.0,0.0,187.0
2023-01-23 20:17:32.242858,0.24,0.85,403.0,0.6,0.7,0.0,0.0,187.0
2023-01-23 20:17:37.268834,0.21,0.85,403.0,0.6,0.7,0.0,0.0,187.0
2023-01-23 20:17:42.293838,0.21,0.76,403.0,0.6,0.7,0.0,0.0,187.0
2023-01-23 20:17:47.317460,0.2,0.6,404.0,0.6,0.7,0.0,0.0,187.0
2023-01-23 20:17:52.340936,0.19,0.68,404.0,0.6,0.7,0.0,0.0,187.0
2023-01-23 20:17:57.365713,0.18,0.53,406.0,0.5,0.7,0.0,0.0,187.0
2023-01-23 20:18:02.388951,0.2,0.68,407.0,0.5,0.7,0.0,0.0,187.0
2023-01-23 20:18:07.414281,0.19,0.53,408.0,0.5,0.7,0.0,0.0,187.0
2023-01-23 20:18:12.437630,0.21,0.68,409.0,0.4,0.5,0.0,0.0,187.0
2023-01-23 20:18:17.460898,0.19,0.85,409.0,0.5,0.5,0.0,0.0,187.0
2023-01-23 20:18:22.484305,0.19,0.94,411.0,0.5,0.6,0.0,0.0,187.0
2023-01-23 20:18:27.507959,0.19,0.53,412.0,0.6,0.6,0.0,0.0,187.0
2023-01-23 20:18:32.533236,0.2,0.85,413.0,0.6,0.6,0.0,0.0,187.0
2023-01-23 20:18:37.556842,0.2,0.6,413.0,0.5,0.6,0.0,0.0,187.0
2023-01-23 20:18:42.581697,0.19,0.76,413.0,0.6,0.6,0.0,0.0,187.0
2023-01-23 20:18:47.606514,0.18,0.85,412.0,0.6,0.6,0.0,0.0,187.0
2023-01-23 20:18:52.630555,0.21,0.94,412.0,0.6,0.6,0.0,0.0,187.0
2023-01-23 20:18:57.655490,0.21,0.94,412.0,0.6,0.6,0.0,0.0,187.0
2023-01-23 20:19:02.678826,0.21,0.76,412.0,0.5,0.6,0.0,0.0,187.0
2023-01-23 20:19:07.703324,0.19,0.68,412.0,0.6,0.6,0.0,0.0,187.0
2023-01-23 20:19:12.726561,0.19,0.46,409.0,0.6,0.6,0.0,0.0,187.0
2023-01-23 20:19:17.751067,0.19,0.6,408.0,0.6,0.6,0.0,0.0,187.0
2023-01-23 20:19:22.774678,0.22,0.76,408.0,0.7,0.8,0.0,0.0,187.0
2023-01-23 20:19:27.799846,0.23,0.6,408.0,0.8,0.8,0.0,0.0,187.0
2023-01-23 20:19:32.823694,0.21,0.94,408.0,0.8,0.8,0.0,0.0,187.0
2023-01-23 20:19:37.848131,0.18,0.39,408.0,0.8,0.8,0.0,0.0,187.0
2023-01-23 20:19:42.872615,0.2,0.76,408.0,0.7,0.8,0.0,0.0,187.0
2023-01-23 20:19:47.896531,0.21,0.76,408.0,0.6,0.7,0.0,0.0,187.0
2023-01-23 20:19:52.922187,0.18,0.68,409.0,0.6,0.7,0.0,0.0,187.0
2023-01-23 20:19:57.946128,0.18,0.76,408.0,0.5,0.7,0.0,0.0,187.0
2023-01-23 20:20:02.970964,0.21,0.85,409.0,0.4,0.5,0.0,0.0,187.0
2023-01-23 20:20:07.995452,0.18,0.46,409.0,0.4,0.5,0.0,0.0,187.0
2023-01-23 20:20:13.021298,0.21,0.85,411.0,0.4,0.5,0.0,0.0,187.0
2023-01-23 20:20:18.045022,0.21,0.68,411.0,0.5,0.5,0.0,0.0,187.0
2023-01-23 20:20:23.069813,0.2,1.14,411.0,0.8,0.5,0.0,0.0,187.0
2023-01-23 20:20:28.093700,0.21,0.46,411.0,0.9,0.5,0.0,0.0,187.0
2023-01-23 20:20:33.119138,0.2,0.76,409.0,0.9,0.5,0.0,0.0,187.0
2023-01-23 20:20:38.141921,0.19,1.04,409.0,0.8,0.9,0.0,0.0,187.0
2023-01-23 20:20:43.166117,0.21,0.76,412.0,0.9,0.9,0.0,0.0,187.0
2023-01-23 20:20:48.192052,0.19,0.46,413.0,0.9,0.9,0.0,0.0,187.0
2023-01-23 20:20:53.218459,0.2,0.76,412.0,0.8,0.9,0.0,0.0,187.0
2023-01-23 20:20:58.243572,0.21,0.46,412.0,0.7,0.8,0.0,0.0,187.0
2023-01-23 20:21:03.267624,0.2,0.68,412.0,0.7,0.8,0.0,0.0,187.0
2023-01-23 20:21:08.289563,0.19,0.68,412.0,0.7,0.8,0.0,0.0,187.0
2023-01-23 20:21:13.314932,0.2,0.46,412.0,0.7,0.8,0.0,0.0,187.0
2023-01-23 20:21:18.338371,0.18,0.46,412.0,0.7,0.8,0.0,0.0,187.0
2023-01-23 20:21:23.363249,0.18,0.68,411.0,0.8,0.8,0.0,0.0,187.0
2023-01-23 20:21:28.386682,0.19,0.68,409.0,0.8,0.8,0.0,0.0,187.0
2023-01-23 20:21:33.411157,0.2,0.6,408.0,0.7,0.8,0.0,0.0,187.0
2023-01-23 20:21:38.435687,0.2,0.68,408.0,0.7,0.8,0.0,0.0,187.0
2023-01-23 20:21:43.459640,0.19,0.85,408.0,0.6,0.8,0.0,0.0,187.0
2023-01-23 20:21:48.483584,0.2,0.76,408.0,0.5,0.6,0.0,0.0,187.0
2023-01-23 20:21:53.509185,0.21,0.85,408.0,0.5,0.6,0.0,0.0,187.0
2023-01-23 20:21:58.533122,0.21,0.85,409.0,0.5,0.6,0.0,0.0,187.0
2023-01-23 20:22:03.556667,0.18,0.68,409.0,0.5,0.6,0.0,0.0,187.0
2023-01-23 20:22:08.581266,0.2,0.85,409.0,0.4,0.5,0.0,0.0,187.0
2023-01-23 20:22:13.604991,0.2,0.94,411.0,0.5,0.5,0.0,0.0,187.0
2023-01-23 20:22:18.629045,0.19,0.68,412.0,0.6,0.5,0.0,0.0,187.0
2023-01-23 20:22:23.654113,0.19,0.39,415.0,0.6,0.5,0.0,0.0,187.0
2023-01-23 20:22:28.678555,0.23,0.94,415.0,0.6,0.5,0.0,0.0,187.0
2023-01-23 20:22:33.703065,0.16,0.85,413.0,0.6,0.5,0.0,0.0,187.0
2023-01-23 20:22:38.726809,0.19,0.46,413.0,0.6,0.5,0.0,0.0,187.0
2023-01-23 20:22:43.752130,0.19,0.68,412.0,0.6,0.5,0.0,0.0,187.0
2023-01-23 20:22:48.776301,0.19,0.85,412.0,0.7,0.5,0.0,0.0,187.0
2023-01-23 20:22:53.800192,0.19,0.6,412.0,0.7,0.8,0.0,0.0,187.0
2023-01-23 20:22:58.825128,0.19,0.76,412.0,0.7,0.8,0.0,0.0,187.0
2023-01-23 20:23:03.849133,0.21,0.68,411.0,0.7,0.8,0.0,0.0,187.0
2023-01-23 20:23:08.874254,0.2,0.68,409.0,0.7,0.8,0.0,0.0,187.0
2023-01-23 20:23:13.897596,0.21,1.04,409.0,0.7,0.8,0.0,0.0,187.0
2023-01-23 20:23:18.922086,0.21,0.76,409.0,0.7,0.8,0.0,0.0,187.0
2023-01-23 20:23:23.947208,0.21,0.94,411.0,0.7,0.8,0.0,0.0,187.0
2023-01-23 20:23:28.970433,0.2,0.46,412.0,0.6,0.8,0.0,0.0,187.0
2023-01-23 20:23:33.993990,0.18,0.53,413.0,0.5,0.6,0.0,0.0,187.0
2023-01-23 20:23:39.019110,0.2,0.6,413.0,0.5,0.6,0.0,0.0,187.0
2023-01-23 20:23:44.042432,0.2,0.94,415.0,0.5,0.6,0.0,0.0,187.0
2023-01-23 20:23:49.065690,0.22,0.68,416.0,0.6,0.7,0.0,0.0,187.0
2023-01-23 20:23:54.090002,0.18,0.85,417.0,0.7,0.8,0.0,0.0,187.0
2023-01-23 20:23:59.113721,0.18,0.94,418.0,0.7,0.8,0.0,0.0,187.0
2023-01-23 20:24:04.138604,0.21,0.68,418.0,0.7,0.8,0.0,0.0,187.0
2023-01-23 20:24:09.163176,0.21,0.76,418.0,0.7,0.8,0.0,0.0,187.0
2023-01-23 20:24:14.186405,0.21,0.53,416.0,0.6,0.7,0.0,0.0,187.0
2023-01-23 20:24:19.211413,0.19,0.6,415.0,0.6,0.7,0.0,0.0,187.0
2023-01-23 20:24:24.235179,0.18,0.76,413.0,0.6,0.7,0.0,0.0,188.0
2023-01-23 20:24:29.264425,0.18,0.39,412.0,0.6,0.7,0.0,0.0,188.0
2023-01-23 20:24:34.282914,0.19,0.85,412.0,0.6,0.7,0.0,0.0,188.0
2023-01-23 20:24:39.308092,0.21,1.04,412.0,0.6,0.7,0.0,0.0,188.0
2023-01-23 20:24:44.331981,0.2,0.76,413.0,0.7,0.7,0.0,0.0,188.0
2023-01-23 20:24:49.357693,0.19,1.14,413.0,0.7,0.7,0.0,0.0,188.0
2023-01-23 20:24:54.382598,0.21,1.04,413.0,0.7,0.8,0.0,0.0,188.0
2023-01-23 20:24:59.407636,0.19,0.6,413.0,0.7,0.8,0.0,0.0,188.0
2023-01-23 20:25:04.431210,0.21,0.68,415.0,0.8,0.8,0.0,0.0,188.0
2023-01-23 20:25:09.456485,0.21,1.14,415.0,0.8,0.8,0.0,0.0,188.0
2023-01-23 20:25:14.480380,0.19,0.6,415.0,0.7,0.8,0.0,0.0,188.0
2023-01-23 20:25:19.505529,0.22,0.85,416.0,0.7,0.8,0.0,0.0,188.0
2023-01-23 20:25:24.530396,0.21,0.46,416.0,0.7,0.8,0.0,0.0,188.0
2023-01-23 20:25:29.554430,0.21,0.6,415.0,0.7,0.8,0.0,0.0,188.0
2023-01-23 20:25:34.578014,0.21,0.85,415.0,0.6,0.8,0.0,0.0,188.0
2023-01-23 20:25:39.600849,0.19,1.04,415.0,0.5,0.6,0.0,0.0,188.0
2023-01-23 20:25:44.625858,0.18,0.53,415.0,0.6,0.6,0.0,0.0,188.0
2023-01-23 20:25:49.650168,0.22,0.76,412.0,0.7,0.6,0.0,0.0,188.0
2023-01-23 20:25:54.673572,0.18,0.6,415.0,0.7,0.6,0.0,0.0,189.0
2023-01-23 20:25:59.697768,0.2,1.04,416.0,0.7,0.6,0.0,0.0,189.0
2023-01-23 20:26:04.722301,0.21,0.76,416.0,0.7,0.6,0.0,0.0,189.0
2023-01-23 20:26:09.746691,0.19,0.94,413.0,0.7,0.6,0.0,0.0,189.0
2023-01-23 20:26:14.770730,0.16,0.94,413.0,0.6,0.6,0.0,0.0,189.0
2023-01-23 20:26:19.795332,0.19,0.6,413.0,0.5,0.6,0.0,0.0,189.0
2023-01-23 20:26:24.819611,0.2,1.04,413.0,0.6,0.6,0.0,0.0,189.0
2023-01-23 20:26:29.843875,0.18,0.76,413.0,0.5,0.6,0.0,0.0,189.0
2023-01-23 20:26:34.866298,0.21,1.04,413.0,0.5,0.6,0.0,0.0,190.0
2023-01-23 20:26:39.891068,0.18,0.6,413.0,0.5,0.6,0.0,0.0,190.0
2023-01-23 20:26:44.915460,0.18,0.53,415.0,0.5,0.6,0.0,0.0,190.0
2023-01-23 20:26:49.940806,0.21,0.76,415.0,0.5,0.6,0.0,0.0,190.0
2023-01-23 20:26:54.964913,0.19,0.53,417.0,0.5,0.6,0.0,0.0,190.0
2023-01-23 20:26:59.993880,0.19,0.6,418.0,0.5,0.6,0.0,0.0,190.0
2023-01-23 20:27:05.011158,0.19,0.76,420.0,0.5,0.6,0.0,0.0,190.0
2023-01-23 20:27:10.036222,0.19,0.85,421.0,0.4,0.6,0.0,0.0,190.0
2023-01-23 20:27:15.060130,0.2,0.46,421.0,0.4,0.6,0.0,0.0,190.0
2023-01-23 20:27:20.085121,0.2,0.6,421.0,0.4,0.6,0.0,0.0,190.0
2023-01-23 20:27:25.110980,0.2,0.53,421.0,0.5,0.6,0.0,0.0,191.0
2023-01-23 20:27:30.137394,0.22,0.6,421.0,0.5,0.6,0.0,0.0,191.0
2023-01-23 20:27:35.157825,0.2,0.53,421.0,0.7,0.8,0.0,0.0,191.0
2023-01-23 20:27:40.185297,0.21,0.6,421.0,0.8,0.8,0.0,0.0,191.0
2023-01-23 20:27:45.209183,0.19,0.76,421.0,0.8,0.8,0.0,0.0,191.0
2023-01-23 20:27:50.232468,0.21,0.85,421.0,0.7,0.8,0.0,0.0,191.0
2023-01-23 20:27:55.256391,0.2,0.85,421.0,0.6,0.7,0.0,0.0,191.0
2023-01-23 20:28:00.281031,0.2,0.46,422.0,0.7,0.7,0.0,0.0,191.0
2023-01-23 20:28:05.303739,0.2,0.94,421.0,0.7,0.7,0.0,0.0,191.0
2023-01-23 20:28:10.327553,0.19,0.76,420.0,0.7,0.7,0.0,0.0,191.0
2023-01-23 20:28:15.352685,0.2,0.46,420.0,0.7,0.7,0.0,0.0,191.0
2023-01-23 20:28:20.376470,0.19,0.53,420.0,0.6,0.7,0.0,0.0,193.56
2023-01-23 20:28:25.404862,0.22,0.6,418.0,0.6,0.7,0.0,0.0,193.56
2023-01-23 20:28:30.430050,0.19,0.68,418.0,0.6,0.7,0.0,0.0,193.56
2023-01-23 20:28:35.453777,0.21,0.85,417.0,0.6,0.7,0.0,0.0,193.56
2023-01-23 20:28:40.479042,0.19,0.94,417.0,0.6,0.7,0.0,0.0,193.56
2023-01-23 20:28:45.502832,0.2,0.85,416.0,0.7,0.7,0.0,0.0,193.56
2023-01-23 20:28:50.526421,0.21,0.76,418.0,0.6,0.7,0.0,0.0,193.56
2023-01-23 20:28:55.551778,0.21,1.14,418.0,0.7,0.7,0.0,0.0,193.56
2023-01-23 20:29:00.575436,0.21,0.94,418.0,0.7,0.7,0.0,0.0,193.56
2023-01-23 20:29:05.600842,0.21,0.76,418.0,0.8,0.7,0.0,0.0,193.56
2023-01-23 20:29:10.624440,0.21,0.85,418.0,0.7,0.7,0.0,0.0,193.56
2023-01-23 20:29:15.648339,0.19,0.85,420.0,0.7,0.7,0.0,0.0,193.56
2023-01-23 20:29:20.673450,0.2,0.68,420.0,0.6,0.7,0.0,0.0,193.56
2023-01-23 20:29:25.697162,0.2,0.85,420.0,0.6,0.7,0.0,0.0,193.56
2023-01-23 20:29:30.721526,0.21,0.85,418.0,0.6,0.7,0.0,0.0,193.56
2023-01-23 20:29:35.742060,0.2,0.6,418.0,0.5,0.7,0.0,0.0,193.56
2023-01-23 20:29:40.766997,0.18,1.04,417.0,0.5,0.7,0.0,0.0,193.56
2023-01-23 20:29:45.790777,0.2,0.39,417.0,0.5,0.7,0.0,0.0,193.56
2023-01-23 20:29:50.817722,0.22,0.6,417.0,0.5,0.7,0.0,0.0,193.56
2023-01-23 20:29:55.841675,0.18,0.39,416.0,0.6,0.7,0.0,0.0,193.56
2023-01-23 20:30:00.866553,0.21,0.94,415.0,0.7,0.7,0.0,0.0,193.56
2023-01-23 20:30:05.890611,0.21,0.85,415.0,0.7,0.7,0.0,0.0,193.56
2023-01-23 20:30:10.915514,0.18,0.85,415.0,0.6,0.7,0.0,0.0,191.0
2023-01-23 20:30:15.939810,0.18,0.68,413.0,0.5,0.6,0.0,0.0,191.0
2023-01-23 20:30:20.963472,0.21,0.85,415.0,0.6,0.6,0.0,0.0,191.0
2023-01-23 20:30:25.987324,0.2,0.85,415.0,0.6,0.7,0.0,0.0,191.0
2023-01-23 20:30:31.010943,0.21,0.85,413.0,0.6,0.7,0.0,0.0,191.0
2023-01-23 20:30:36.034583,0.19,0.6,413.0,0.6,0.7,0.0,0.0,191.0
2023-01-23 20:30:41.058433,0.19,1.14,413.0,0.6,0.7,0.0,0.0,193.56
2023-01-23 20:30:46.082134,0.2,0.6,413.0,0.6,0.7,0.0,0.0,193.56
2023-01-23 20:30:51.106959,0.19,0.85,413.0,0.6,0.7,0.0,0.0,193.56
2023-01-23 20:30:56.133120,0.21,0.53,415.0,0.6,0.7,0.0,0.0,193.56
2023-01-23 20:31:01.155670,0.18,0.6,415.0,0.6,0.7,0.0,0.0,193.56
2023-01-23 20:31:06.180448,0.21,0.53,416.0,0.6,0.7,0.0,0.0,193.56
2023-01-23 20:31:11.203766,0.2,0.53,420.0,0.6,0.7,0.0,0.0,193.56
2023-01-23 20:31:16.229427,0.21,0.85,421.0,0.6,0.7,0.0,0.0,193.56
2023-01-23 20:31:21.251944,0.2,0.76,422.0,0.6,0.7,0.0,0.0,193.56
2023-01-23 20:31:26.274368,0.18,0.68,422.0,0.7,0.7,0.0,0.0,193.56
2023-01-23 20:31:31.299772,0.19,1.04,423.0,0.7,0.7,0.0,0.0,193.56
2023-01-23 20:31:36.325476,0.17,1.14,422.0,0.7,0.7,0.0,0.0,191.0
2023-01-23 20:31:41.352046,0.21,0.68,422.0,0.6,0.7,0.0,0.0,191.0
2023-01-23 20:31:46.375512,0.21,0.85,422.0,0.7,0.7,0.0,0.0,191.0
2023-01-23 20:31:51.401302,0.19,0.85,422.0,0.6,0.7,0.0,0.0,191.0
2023-01-23 20:31:56.424949,0.19,0.76,421.0,0.7,0.7,0.0,0.0,191.0
2023-01-23 20:32:01.450192,0.21,0.76,421.0,0.7,0.8,0.0,0.0,191.0
2023-01-23 20:32:06.475217,0.2,0.85,422.0,0.7,0.8,0.0,0.0,193.56
2023-01-23 20:32:11.499126,0.2,0.76,423.0,0.6,0.7,0.0,0.0,191.0
2023-01-23 20:32:16.523472,0.2,0.6,426.0,0.6,0.7,0.0,0.0,191.0
2023-01-23 20:32:21.548625,0.2,0.76,426.0,0.6,0.7,0.0,0.0,191.0
2023-01-23 20:32:26.571529,0.18,0.46,427.0,0.6,0.7,0.0,0.0,191.0
2023-01-23 20:32:31.595395,0.19,0.76,427.0,0.6,0.7,0.0,0.0,191.0
2023-01-23 20:32:36.620127,0.18,0.85,427.0,0.6,0.7,0.0,0.0,191.0
2023-01-23 20:32:41.642791,0.19,0.34,429.0,0.6,0.7,0.0,0.0,191.0
2023-01-23 20:32:46.667841,0.2,1.04,427.0,0.7,0.8,0.0,0.0,191.0
2023-01-23 20:32:51.695049,0.21,1.04,426.0,0.7,0.8,0.0,0.0,191.0
2023-01-23 20:32:56.721549,0.19,0.85,426.0,0.7,0.8,0.0,0.0,191.0
2023-01-23 20:33:01.746402,0.19,0.6,423.0,0.7,0.8,0.0,0.0,191.0
2023-01-23 20:33:06.773837,0.2,0.68,422.0,0.7,0.8,0.0,0.0,191.0
2023-01-23 20:33:11.795418,0.15,0.94,422.0,0.8,0.8,0.0,0.0,193.56
2023-01-23 20:33:16.819401,0.21,0.76,421.0,0.8,0.8,0.0,0.0,193.56
2023-01-23 20:33:21.843334,0.21,0.76,421.0,0.8,0.8,0.0,0.0,193.56
2023-01-23 20:33:26.868501,0.2,0.85,420.0,0.7,0.8,0.0,0.0,193.56
2023-01-23 20:33:31.892592,0.19,0.85,420.0,0.7,0.8,0.0,0.0,193.56
2023-01-23 20:33:36.916799,0.18,1.04,420.0,0.6,0.7,0.0,0.0,193.56
2023-01-23 20:33:41.941191,0.18,1.04,420.0,0.7,0.7,0.0,0.0,193.56
2023-01-23 20:33:46.966109,0.19,0.68,418.0,0.7,0.7,0.0,0.0,193.56
2023-01-23 20:33:51.990326,0.2,0.68,417.0,0.7,0.7,0.0,0.0,193.56
2023-01-23 20:33:57.014708,0.19,0.85,416.0,0.7,0.8,0.0,0.0,193.56
2023-01-23 20:34:02.038755,0.18,0.6,416.0,0.7,0.8,0.0,0.0,193.56
2023-01-23 20:34:07.063737,0.19,0.68,415.0,0.7,0.8,0.0,0.0,193.56
2023-01-23 20:34:12.088880,0.21,0.85,415.0,0.7,0.8,0.0,0.0,193.56
2023-01-23 20:34:17.114063,0.21,0.85,415.0,0.7,0.8,0.0,0.0,193.56
2023-01-23 20:34:22.139060,0.2,0.6,415.0,0.7,0.8,0.0,0.0,193.56
2023-01-23 20:34:27.164331,0.21,0.6,415.0,0.7,0.7,0.0,0.0,193.56
2023-01-23 20:34:32.189554,0.19,0.53,416.0,0.7,0.7,0.0,0.0,193.56
2023-01-23 20:34:37.213302,0.21,0.6,416.0,0.7,0.8,0.0,0.0,193.56
2023-01-23 20:34:42.239052,0.2,0.94,416.0,0.8,0.8,0.0,0.0,193.56
2023-01-23 20:34:47.263767,0.18,0.76,416.0,0.8,0.8,0.0,0.0,193.56
2023-01-23 20:34:52.288222,0.19,0.94,416.0,0.7,0.8,0.0,0.0,193.56
2023-01-23 20:34:57.313332,0.17,0.6,416.0,0.7,0.8,0.0,0.0,193.56
2023-01-23 20:35:02.337629,0.21,0.76,417.0,0.6,0.8,0.0,0.0,193.56
2023-01-23 20:35:07.362119,0.21,0.6,420.0,0.6,0.8,0.0,0.0,193.56
2023-01-23 20:35:12.387144,0.21,1.04,421.0,0.6,0.8,0.0,0.0,193.56
2023-01-23 20:35:17.411700,0.19,0.85,423.0,0.5,0.6,0.0,0.0,193.56
2023-01-23 20:35:22.437457,0.21,0.68,425.0,0.5,0.6,0.0,0.0,193.56
2023-01-23 20:35:27.460769,0.19,0.94,425.0,0.5,0.6,0.0,0.0,193.56
2023-01-23 20:35:32.485803,0.18,0.68,426.0,0.5,0.6,0.0,0.0,193.56
2023-01-23 20:35:37.514326,0.19,0.68,426.0,0.5,0.6,0.0,0.0,193.56
2023-01-23 20:35:42.534709,0.2,0.85,425.0,0.6,0.7,0.0,0.0,193.56
2023-01-23 20:35:47.558854,0.21,0.53,423.0,0.7,0.7,0.0,0.0,193.56
2023-01-23 20:35:52.583928,0.19,0.68,422.0,0.6,0.7,0.0,0.0,193.56
2023-01-23 20:35:57.609558,0.19,1.04,421.0,0.6,0.7,0.0,0.0,193.56
2023-01-23 20:36:02.633781,0.2,0.28,421.0,0.7,0.7,0.0,0.0,193.56
2023-01-23 20:36:07.658445,0.19,0.76,421.0,0.7,0.7,0.0,0.0,193.56
2023-01-23 20:36:12.682476,0.2,0.6,421.0,0.7,0.7,0.0,0.0,193.56
2023-01-23 20:36:17.707866,0.2,0.6,421.0,0.7,0.7,0.0,0.0,193.56
2023-01-23 20:36:22.730810,0.19,1.14,421.0,0.7,0.7,0.0,0.0,193.56
2023-01-23 20:36:27.756390,0.19,0.85,422.0,0.6,0.7,0.0,0.0,193.56
2023-01-23 20:36:32.779717,0.2,0.85,421.0,0.7,0.7,0.0,0.0,193.56
2023-01-23 20:36:37.804816,0.18,0.68,422.0,0.7,0.7,0.0,0.0,193.56
2023-01-23 20:36:42.830546,0.19,1.04,423.0,0.7,0.7,0.0,0.0,193.0
2023-01-23 20:36:47.856258,0.19,0.85,423.0,0.7,0.7,0.0,0.0,193.0
2023-01-23 20:36:52.880407,0.18,0.76,425.0,0.6,0.7,0.0,0.0,193.0
2023-01-23 20:36:57.905685,0.19,0.85,426.0,0.6,0.7,0.0,0.0,193.0
2023-01-23 20:37:02.929198,0.2,0.6,426.0,0.6,0.7,0.0,0.0,193.0
2023-01-23 20:37:07.955396,0.17,0.53,427.0,0.6,0.7,0.0,0.0,193.0
2023-01-23 20:37:12.980028,0.19,0.85,429.0,0.7,0.7,0.0,0.0,193.0
2023-01-23 20:37:18.004377,0.19,0.6,429.0,0.8,0.7,0.0,0.0,193.0
2023-01-23 20:37:23.030181,0.18,0.46,429.0,0.9,0.7,0.0,0.0,193.0
2023-01-23 20:37:28.054711,0.19,0.68,429.0,0.8,0.9,0.0,0.0,193.0
2023-01-23 20:37:33.078515,0.21,0.94,429.0,0.7,0.8,0.0,0.0,193.0
2023-01-23 20:37:38.103649,0.2,0.6,430.0,0.7,0.8,0.0,0.0,193.0
2023-01-23 20:37:43.129437,0.21,0.53,430.0,0.7,0.8,0.0,0.0,193.0
2023-01-23 20:37:48.154556,0.19,0.85,430.0,0.7,0.8,0.0,0.0,194.0
2023-01-23 20:37:53.179750,0.19,0.85,431.0,0.7,0.8,0.0,0.0,194.0
2023-01-23 20:37:58.205150,0.19,0.94,431.0,0.8,0.9,0.0,0.0,194.0
2023-01-23 20:38:03.230661,0.19,0.85,431.0,0.8,0.9,0.0,0.0,194.0
2023-01-23 20:38:08.254731,0.18,0.68,432.0,0.7,0.8,0.0,0.0,194.0
2023-01-23 20:38:13.279935,0.19,0.85,432.0,0.7,0.8,0.0,0.0,195.0
2023-01-23 20:38:18.305112,0.19,0.76,431.0,0.7,0.8,0.0,0.0,195.0
2023-01-23 20:38:23.330377,0.19,0.68,431.0,0.7,0.8,0.0,0.0,195.0
2023-01-23 20:38:28.354421,0.21,0.46,431.0,0.7,0.8,0.0,0.0,195.0
2023-01-23 20:38:33.379291,0.17,0.68,431.0,0.7,0.8,0.0,0.0,195.0
2023-01-23 20:38:38.403462,0.21,0.76,430.0,0.8,0.8,0.0,0.0,195.0
2023-01-23 20:38:43.428483,0.19,0.85,430.0,0.8,0.8,0.0,0.0,195.0
2023-01-23 20:38:48.452346,0.2,0.76,430.0,0.7,0.8,0.0,0.0,195.0
2023-01-23 20:38:53.477664,0.18,0.94,429.0,0.7,0.8,0.0,0.0,195.0
2023-01-23 20:38:58.502683,0.22,0.85,427.0,0.7,0.8,0.0,0.0,195.0
2023-01-23 20:39:03.527137,0.19,0.76,427.0,0.6,0.8,0.0,0.0,195.0
2023-01-23 20:39:08.552246,0.2,1.36,429.0,0.6,0.8,0.0,0.0,195.0
2023-01-23 20:39:13.577861,0.21,0.85,429.0,0.7,0.8,0.0,0.0,195.0
2023-01-23 20:39:18.602627,0.19,0.85,429.0,0.9,0.8,0.0,0.0,195.0
2023-01-23 20:39:23.628856,0.19,0.6,427.0,1.0,0.8,0.0,0.0,195.0
2023-01-23 20:39:28.653586,0.16,0.94,426.0,0.9,1.0,0.0,0.0,196.0
2023-01-23 20:39:33.678649,0.2,0.94,426.0,0.9,1.0,0.0,0.0,196.0
2023-01-23 20:39:38.703194,0.21,1.04,426.0,0.8,1.0,0.0,0.0,196.0
2023-01-23 20:39:43.728277,0.19,0.85,426.0,0.7,1.0,0.0,0.0,197.0
2023-01-23 20:39:48.753126,0.19,0.68,427.0,0.6,1.0,0.0,0.0,197.0
2023-01-23 20:39:53.777736,0.18,0.85,429.0,0.5,1.0,0.0,0.0,198.0
2023-01-23 20:39:58.801937,0.21,0.85,430.0,0.5,1.0,0.0,0.0,198.0
2023-01-23 20:40:03.827530,0.2,0.53,431.0,0.4,1.0,0.0,0.0,198.0
2023-01-23 20:40:08.850313,0.19,0.39,432.0,0.4,1.0,0.0,0.0,198.0
2023-01-23 20:40:13.875272,0.18,0.6,434.0,0.4,0.5,0.0,0.0,199.0
2023-01-23 20:40:18.900466,0.21,0.85,435.0,0.5,0.6,0.0,0.0,199.0
2023-01-23 20:40:23.924230,0.17,0.94,435.0,0.6,0.7,0.0,0.0,199.0
2023-01-23 20:40:28.952147,0.19,0.76,435.0,0.7,0.7,0.0,0.0,199.0
2023-01-23 20:40:33.976080,0.19,0.46,435.0,0.7,0.7,0.0,0.0,199.0
2023-01-23 20:40:39.001125,0.2,0.6,434.0,0.7,0.7,0.0,0.0,199.0
2023-01-23 20:40:44.023843,0.19,0.68,434.0,0.7,0.7,0.0,0.0,199.0
2023-01-23 20:40:49.047223,0.21,0.68,434.0,0.7,0.7,0.0,0.0,199.0
2023-01-23 20:40:54.072511,0.2,0.85,435.0,0.7,0.7,0.0,0.0,199.0
2023-01-23 20:40:59.096236,0.19,0.76,436.0,0.6,0.7,0.0,0.0,199.0
2023-01-23 20:41:04.125138,0.2,0.6,437.0,0.6,0.7,0.0,0.0,199.0
2023-01-23 20:41:09.149127,0.19,0.68,439.0,0.7,0.8,0.0,0.0,199.0
2023-01-23 20:41:14.170947,0.19,0.76,437.0,0.8,0.9,0.0,0.0,199.0
2023-01-23 20:41:19.195752,0.2,0.94,439.0,0.9,0.9,0.0,0.0,199.0
2023-01-23 20:41:24.220096,0.2,1.04,439.0,0.9,0.9,0.0,0.0,199.0
2023-01-23 20:41:29.243049,0.19,0.53,439.0,0.8,0.9,0.0,0.0,200.0
2023-01-23 20:41:34.268389,0.2,0.94,439.0,0.8,0.9,0.0,0.0,200.0
2023-01-23 20:41:39.293433,0.19,0.94,440.0,0.8,0.9,0.0,0.0,200.0
2023-01-23 20:41:44.317218,0.18,0.68,441.0,0.8,0.9,0.0,0.0,200.0
2023-01-23 20:41:49.341144,0.19,0.85,441.0,0.8,0.9,0.0,0.0,200.0
2023-01-23 20:41:54.367055,0.19,0.76,443.0,0.8,0.9,0.0,0.0,200.0
2023-01-23 20:41:59.393215,0.21,0.46,443.0,0.8,0.9,0.0,0.0,200.0
2023-01-23 20:42:04.417107,0.18,0.76,441.0,0.7,0.8,0.0,0.0,200.0
2023-01-23 20:42:09.440795,0.19,0.76,441.0,0.7,0.8,0.0,0.0,200.0
2023-01-23 20:42:14.463876,0.2,0.85,440.0,0.6,0.7,0.0,0.0,200.0
2023-01-23 20:42:19.488349,0.18,0.53,439.0,0.7,0.7,0.0,0.0,200.0
2023-01-23 20:42:24.513612,0.19,0.68,436.0,0.7,0.7,0.0,0.0,200.0
2023-01-23 20:42:29.537283,0.18,0.53,434.0,0.7,0.7,0.0,0.0,200.0
2023-01-23 20:42:34.561180,0.2,0.85,434.0,0.7,0.7,0.0,0.0,200.0
2023-01-23 20:42:39.587217,0.19,0.85,432.0,0.7,0.7,0.0,0.0,200.0
2023-01-23 20:42:44.612522,0.21,0.85,432.0,0.7,0.7,0.0,0.0,200.0
2023-01-23 20:42:49.639629,0.21,1.04,435.0,0.7,0.8,0.0,0.0,200.0
2023-01-23 20:42:54.664705,0.2,1.14,436.0,0.7,0.8,0.0,0.0,200.0
2023-01-23 20:42:59.690106,0.2,0.85,437.0,0.8,0.8,0.0,0.0,200.0
2023-01-23 20:43:04.715079,0.2,0.85,439.0,0.9,0.8,0.0,0.0,201.0
2023-01-23 20:43:09.743961,0.19,0.68,440.0,1.0,1.1,0.0,0.0,201.0
2023-01-23 20:43:14.763869,0.19,0.6,440.0,1.0,1.1,0.0,0.0,201.0
2023-01-23 20:43:19.789610,0.2,0.46,441.0,1.0,1.1,0.0,0.0,201.0
2023-01-23 20:43:24.812429,0.21,1.04,441.0,1.0,1.1,0.0,0.0,201.0
2023-01-23 20:43:29.836158,0.21,0.6,441.0,0.9,1.0,0.0,0.0,201.0
2023-01-23 20:43:34.858815,0.18,0.94,441.0,0.9,1.0,0.0,0.0,201.0
2023-01-23 20:43:39.885245,0.16,0.85,441.0,0.8,1.0,0.0,0.0,201.0
2023-01-23 20:43:44.910278,0.2,0.76,441.0,0.7,1.0,0.0,0.0,201.0
2023-01-23 20:43:49.934232,0.2,0.94,441.0,0.6,0.7,0.0,0.0,201.0
2023-01-23 20:43:54.960402,0.18,0.85,441.0,0.7,0.7,0.0,0.0,201.0
2023-01-23 20:43:59.984527,0.21,0.68,441.0,0.7,0.7,0.0,0.0,201.0
2023-01-23 20:44:05.012497,0.21,0.94,440.0,0.6,0.7,0.0,0.0,201.0
2023-01-23 20:44:10.035516,0.21,0.46,439.0,0.6,0.7,0.0,0.0,201.0
2023-01-23 20:44:15.061024,0.2,0.85,439.0,0.5,0.6,0.0,0.0,201.0
2023-01-23 20:44:20.086180,0.19,0.53,439.0,0.5,0.6,0.0,0.0,201.0
2023-01-23 20:44:25.110706,0.21,0.76,439.0,0.5,0.6,0.0,0.0,201.0
2023-01-23 20:44:30.135696,0.2,0.85,440.0,0.5,0.6,0.0,0.0,202.0
2023-01-23 20:44:35.161871,0.19,0.85,441.0,0.6,0.6,0.0,0.0,202.0
2023-01-23 20:44:40.189331,0.19,1.04,443.0,0.6,0.6,0.0,0.0,202.0
2023-01-23 20:44:45.214297,0.18,0.76,443.0,0.6,0.6,0.0,0.0,202.0
2023-01-23 20:44:50.236317,0.2,0.85,444.0,0.6,0.6,0.0,0.0,202.0
2023-01-23 20:44:55.260995,0.19,0.85,443.0,0.6,0.6,0.0,0.0,202.0
2023-01-23 20:45:00.285435,0.21,0.76,443.0,0.5,0.6,0.0,0.0,202.0
2023-01-23 20:45:05.309250,0.2,0.85,444.0,0.5,0.6,0.0,0.0,202.0
2023-01-23 20:45:10.332926,0.21,0.94,444.0,0.6,0.7,0.0,0.0,202.0
2023-01-23 20:45:15.356877,0.19,0.6,444.0,0.7,0.7,0.0,0.0,203.0
2023-01-23 20:45:20.382046,0.21,0.53,444.0,0.7,0.7,0.0,0.0,203.0
2023-01-23 20:45:25.406992,0.21,0.94,444.0,0.6,0.7,0.0,0.0,203.0
2023-01-23 20:45:30.433292,0.19,0.76,443.0,0.6,0.7,0.0,0.0,203.0
2023-01-23 20:45:35.454147,0.19,0.85,443.0,0.6,0.7,0.0,0.0,203.0
2023-01-23 20:45:40.483480,0.19,0.68,444.0,0.5,0.6,0.0,0.0,203.0
2023-01-23 20:45:45.507316,0.19,0.76,444.0,0.5,0.6,0.0,0.0,203.0
2023-01-23 20:45:50.532913,0.19,0.46,444.0,0.6,0.6,0.0,0.0,203.0
2023-01-23 20:45:55.556010,0.18,0.76,444.0,0.5,0.6,0.0,0.0,203.0
2023-01-23 20:46:00.579979,0.18,0.46,443.0,0.5,0.6,0.0,0.0,203.0
2023-01-23 20:46:05.603531,0.19,0.85,441.0,0.5,0.6,0.0,0.0,203.0
2023-01-23 20:46:10.628684,0.19,0.85,441.0,0.5,0.6,0.0,0.0,203.0
2023-01-23 20:46:15.652609,0.18,0.76,443.0,0.5,0.6,0.0,0.0,203.0
2023-01-23 20:46:20.681039,0.21,0.94,443.0,0.5,0.6,0.0,0.0,203.0
2023-01-23 20:46:25.706177,0.2,0.53,441.0,0.5,0.6,0.0,0.0,203.0
2023-01-23 20:46:30.731471,0.2,1.04,441.0,0.5,0.6,0.0,0.0,203.0
2023-01-23 20:46:35.756314,0.18,1.04,441.0,0.5,0.6,0.0,0.0,203.0
2023-01-23 20:46:40.780563,0.2,0.6,441.0,0.5,0.6,0.0,0.0,203.0
2023-01-23 20:46:45.802922,0.19,0.94,441.0,0.5,0.6,0.0,0.0,203.0
2023-01-23 20:46:50.827002,0.18,0.53,441.0,0.6,0.6,0.0,0.0,203.0
2023-01-23 20:46:55.852174,0.19,0.6,443.0,0.7,0.6,0.0,0.0,203.0
2023-01-23 20:47:00.877148,0.18,0.85,443.0,0.8,0.6,0.0,0.0,203.0
2023-01-23 20:47:05.905514,0.19,0.85,443.0,0.7,0.8,0.0,0.0,203.0
2023-01-23 20:47:10.929615,0.2,0.76,443.0,0.7,0.8,0.0,0.0,203.0
2023-01-23 20:47:15.954598,0.19,0.6,441.0,0.7,0.8,0.0,0.0,203.0
2023-01-23 20:47:20.979914,0.18,1.14,443.0,0.6,0.7,0.0,0.0,203.0
2023-01-23 20:47:26.003278,0.19,0.46,441.0,0.7,0.7,0.0,0.0,203.0
2023-01-23 20:47:31.028005,0.2,0.6,441.0,0.7,0.7,0.0,0.0,203.0
2023-01-23 20:47:36.051958,0.19,0.68,441.0,0.7,0.7,0.0,0.0,203.0
2023-01-23 20:47:41.076981,0.17,0.68,440.0,0.8,0.7,0.0,0.0,203.0
2023-01-23 20:47:46.103309,0.16,0.85,440.0,0.8,0.9,0.0,0.0,203.0
2023-01-23 20:47:51.130139,0.17,0.46,440.0,0.9,0.9,0.0,0.0,203.0
2023-01-23 20:47:56.153648,0.2,0.76,441.0,0.9,0.9,0.0,0.0,203.0
2023-01-23 20:48:01.177357,0.19,0.94,441.0,0.9,0.9,0.0,0.0,203.0
2023-01-23 20:48:06.203560,0.19,0.53,443.0,0.8,0.9,0.0,0.0,203.0
2023-01-23 20:48:11.227559,0.19,0.6,444.0,0.8,0.9,0.0,0.0,203.0
2023-01-23 20:48:16.251709,0.19,1.04,444.0,0.8,0.9,0.0,0.0,203.0
2023-01-23 20:48:21.276600,0.2,0.53,444.0,0.7,0.8,0.0,0.0,203.0
2023-01-23 20:48:26.303593,0.17,0.6,445.0,0.7,0.8,0.0,0.0,203.0
2023-01-23 20:48:31.329000,0.19,0.6,445.0,0.7,0.8,0.0,0.0,203.0
2023-01-23 20:48:36.354035,0.18,0.94,446.0,0.7,0.8,0.0,0.0,203.0
2023-01-23 20:48:41.379338,0.19,0.94,448.0,0.8,0.8,0.0,0.0,203.0
2023-01-23 20:48:46.403295,0.19,0.76,448.0,0.8,0.8,0.0,0.0,203.0
2023-01-23 20:48:51.427527,0.19,0.53,448.0,0.7,0.8,0.0,0.0,203.0
2023-01-23 20:48:56.452898,0.19,0.94,448.0,0.7,0.8,0.0,0.0,203.0
2023-01-23 20:49:01.476659,0.19,0.68,446.0,0.7,0.8,0.0,0.0,203.0
2023-01-23 20:49:06.501840,0.18,0.68,446.0,0.7,0.8,0.0,0.0,203.0
2023-01-23 20:49:11.526833,0.18,0.76,446.0,0.6,0.7,0.0,0.0,203.0
2023-01-23 20:49:16.553256,0.2,0.85,446.0,0.6,0.7,0.0,0.0,203.0
2023-01-23 20:49:21.579162,0.18,0.85,445.0,0.6,0.7,0.0,0.0,204.0
2023-01-23 20:49:26.603087,0.19,0.85,445.0,0.7,0.7,0.0,0.0,204.0
2023-01-23 20:49:31.625878,0.19,0.68,445.0,0.7,0.8,0.0,0.0,204.0
2023-01-23 20:49:36.651209,0.18,0.6,448.0,0.8,0.8,0.0,0.0,204.0
2023-01-23 20:49:41.676687,0.19,0.6,450.0,0.9,0.8,0.0,0.0,204.0
2023-01-23 20:49:46.700625,0.2,0.76,450.0,0.9,0.8,0.0,0.0,204.0
2023-01-23 20:49:51.725427,0.2,1.14,450.0,0.9,0.8,0.0,0.0,204.0
2023-01-23 20:49:56.749293,0.2,0.76,451.0,0.8,0.9,0.0,0.0,204.0
2023-01-23 20:50:01.772992,0.19,0.68,453.0,0.7,0.9,0.0,0.0,204.0
2023-01-23 20:50:06.796941,0.18,0.46,451.0,0.6,0.9,0.0,0.0,204.0
2023-01-23 20:50:11.820860,0.18,0.76,450.0,0.6,0.9,0.0,0.0,204.0
2023-01-23 20:50:16.845874,0.18,0.76,449.0,0.6,0.7,0.0,0.0,204.0
2023-01-23 20:50:21.873360,0.22,0.53,446.0,0.7,0.7,0.0,0.0,204.0
2023-01-23 20:50:26.898439,0.19,0.85,443.0,0.7,0.7,0.0,0.0,204.0
2023-01-23 20:50:31.923516,0.19,0.85,441.0,0.8,0.7,0.0,0.0,204.0
2023-01-23 20:50:36.949907,0.21,0.76,440.0,0.8,0.7,0.0,0.0,204.0
2023-01-23 20:50:41.973680,0.18,0.94,439.0,0.8,0.7,0.0,0.0,204.0
2023-01-23 20:50:46.998809,0.18,0.94,437.0,0.8,0.7,0.0,0.0,204.0
2023-01-23 20:50:52.023853,0.21,0.6,439.0,0.8,0.7,0.0,0.0,204.0
2023-01-23 20:50:57.047599,0.19,0.94,440.0,0.8,0.7,0.0,0.0,204.0
2023-01-23 20:51:02.072947,0.19,0.76,441.0,0.7,0.8,0.0,0.0,204.0
2023-01-23 20:51:07.096566,0.19,0.6,443.0,0.7,0.8,0.0,0.0,204.0
2023-01-23 20:51:12.121846,0.18,0.94,443.0,0.7,0.8,0.0,0.0,204.0
2023-01-23 20:51:17.146644,0.2,0.85,444.0,0.7,0.8,0.0,0.0,204.0
2023-01-23 20:51:22.170721,0.16,1.04,444.0,0.7,0.8,0.0,0.0,204.0
2023-01-23 20:51:27.194614,0.19,0.76,444.0,0.8,0.8,0.0,0.0,204.0
2023-01-23 20:51:32.219929,0.19,0.68,445.0,0.8,0.8,0.0,0.0,204.0
2023-01-23 20:51:37.243391,0.18,0.94,445.0,0.8,0.8,0.0,0.0,204.0
2023-01-23 20:51:42.266627,0.21,0.6,446.0,0.7,0.8,0.0,0.0,204.0
2023-01-23 20:51:47.291753,0.2,0.76,446.0,0.7,0.8,0.0,0.0,204.0
2023-01-23 20:51:52.317506,0.18,0.53,446.0,0.7,0.8,0.0,0.0,204.0
2023-01-23 20:51:57.340961,0.2,0.6,446.0,0.7,0.8,0.0,0.0,204.0
2023-01-23 20:52:02.365820,0.18,0.76,446.0,0.6,0.7,0.0,0.0,204.0
2023-01-23 20:52:07.390443,0.19,0.85,448.0,0.6,0.7,0.0,0.0,204.0
2023-01-23 20:52:12.414230,0.18,0.94,448.0,0.6,0.7,0.0,0.0,204.0
2023-01-23 20:52:17.439931,0.2,0.53,448.0,0.7,0.7,0.0,0.0,204.0
2023-01-23 20:52:22.464480,0.18,0.68,446.0,0.7,0.7,0.0,0.0,204.0
2023-01-23 20:52:27.487529,0.2,0.94,448.0,0.7,0.7,0.0,0.0,204.0
2023-01-23 20:52:32.512702,0.18,0.53,448.0,0.6,0.7,0.0,0.0,204.0
2023-01-23 20:52:37.538466,0.2,0.85,449.0,0.7,0.7,0.0,0.0,204.0
2023-01-23 20:52:42.563734,0.21,0.94,449.0,0.8,0.7,0.0,0.0,202.44
2023-01-23 20:52:47.587193,0.2,0.76,448.0,0.8,0.9,0.0,0.0,202.44
2023-01-23 20:52:52.612763,0.19,1.14,448.0,0.8,0.9,0.0,0.0,202.44
2023-01-23 20:52:57.636379,0.19,0.85,446.0,0.8,0.9,0.0,0.0,202.44
2023-01-23 20:53:02.661505,0.19,0.94,446.0,0.8,0.9,0.0,0.0,202.44
2023-01-23 20:53:07.686503,0.16,0.76,446.0,0.9,0.9,0.0,0.0,205.0
2023-01-23 20:53:12.710117,0.2,0.94,446.0,0.9,0.9,0.0,0.0,205.0
2023-01-23 20:53:17.735602,0.17,0.85,446.0,0.9,0.9,0.0,0.0,205.0
2023-01-23 20:53:22.760821,0.19,0.85,446.0,0.8,0.9,0.0,0.0,205.0
2023-01-23 20:53:27.785929,0.19,0.85,446.0,0.8,0.9,0.0,0.0,205.0
2023-01-23 20:53:32.810077,0.18,0.76,448.0,0.8,0.9,0.0,0.0,205.0
2023-01-23 20:53:37.834857,0.21,1.04,448.0,0.7,0.8,0.0,0.0,206.0
2023-01-23 20:53:42.859322,0.19,1.04,448.0,0.7,0.8,0.0,0.0,206.0
2023-01-23 20:53:47.883791,0.19,0.53,448.0,0.8,0.8,0.0,0.0,206.0
2023-01-23 20:53:52.909295,0.19,0.6,448.0,0.8,0.8,0.0,0.0,206.0
2023-01-23 20:53:57.933122,0.19,0.76,448.0,0.8,0.8,0.0,0.0,206.0
2023-01-23 20:54:02.959064,0.19,0.6,448.0,0.8,0.8,0.0,0.0,206.0
2023-01-23 20:54:07.983457,0.18,0.94,446.0,0.8,0.9,0.0,0.0,206.0
2023-01-23 20:54:13.008013,0.18,1.36,446.0,0.8,0.9,0.0,0.0,206.0
2023-01-23 20:54:18.033921,0.18,0.6,448.0,0.7,0.8,0.0,0.0,206.0
2023-01-23 20:54:23.059035,0.19,0.94,448.0,0.7,0.8,0.0,0.0,206.0
2023-01-23 20:54:28.083334,0.17,0.68,449.0,0.6,0.7,0.0,0.0,206.0
2023-01-23 20:54:33.108505,0.19,0.53,449.0,0.6,0.7,0.0,0.0,206.0
2023-01-23 20:54:38.134321,0.18,0.68,450.0,0.6,0.7,0.0,0.0,206.0
2023-01-23 20:54:43.158221,0.18,0.76,450.0,0.6,0.7,0.0,0.0,206.0
2023-01-23 20:54:48.183427,0.19,0.68,450.0,0.6,0.7,0.0,0.0,206.0
2023-01-23 20:54:53.207675,0.18,0.76,451.0,0.6,0.7,0.0,0.0,206.0
2023-01-23 20:54:58.231882,0.18,0.68,451.0,0.6,0.7,0.0,0.0,206.0
2023-01-23 20:55:03.257200,0.19,0.76,450.0,0.6,0.7,0.0,0.0,206.0
2023-01-23 20:55:08.326500,0.17,0.94,449.0,0.6,0.7,0.0,0.0,206.0
2023-01-23 20:55:13.307194,0.19,0.94,450.0,0.6,0.7,0.0,0.0,206.0
2023-01-23 20:55:18.331090,0.18,0.76,449.0,0.6,0.7,0.0,0.0,206.0
2023-01-23 20:55:23.356857,0.2,0.68,449.0,0.6,0.7,0.0,0.0,206.0
2023-01-23 20:55:28.382856,0.21,0.68,450.0,0.6,0.7,0.0,0.0,206.0
2023-01-23 20:55:33.407932,0.17,0.68,449.0,0.6,0.7,0.0,0.0,206.0
2023-01-23 20:55:38.432370,0.18,0.53,449.0,0.6,0.7,0.0,0.0,206.0
2023-01-23 20:55:43.456125,0.18,0.85,448.0,0.7,0.7,0.0,0.0,206.0
2023-01-23 20:55:48.481543,0.19,0.76,449.0,0.6,0.7,0.0,0.0,206.0
2023-01-23 20:55:53.506045,0.2,1.04,449.0,0.6,0.7,0.0,0.0,206.0
2023-01-23 20:55:58.530167,0.23,0.94,449.0,0.7,0.7,0.0,0.0,206.0
2023-01-23 20:56:03.555261,0.19,1.14,450.0,0.6,0.7,0.0,0.0,206.0
2023-01-23 20:56:08.580394,0.19,0.6,451.0,0.6,0.7,0.0,0.0,206.0
2023-01-23 20:56:13.604619,0.2,0.76,453.0,0.7,0.7,0.0,0.0,206.0
2023-01-23 20:56:18.629828,0.17,0.6,451.0,0.7,0.8,0.0,0.0,206.0
2023-01-23 20:56:23.654808,0.19,1.14,450.0,0.8,0.8,0.0,0.0,206.0
2023-01-23 20:56:28.679553,0.21,0.85,450.0,0.8,0.9,0.0,0.0,206.0
2023-01-23 20:56:33.704639,0.18,0.76,450.0,0.9,0.9,0.0,0.0,206.0
2023-01-23 20:56:38.729378,0.2,0.94,449.0,0.9,1.0,0.0,0.0,206.0
2023-01-23 20:56:43.753566,0.22,0.53,448.0,1.0,1.0,0.0,0.0,206.0
2023-01-23 20:56:48.777623,0.19,0.68,446.0,1.0,1.0,0.0,0.0,206.0
2023-01-23 20:56:53.803169,0.18,0.85,445.0,1.0,1.0,0.0,0.0,206.0
2023-01-23 20:56:58.826487,0.19,0.6,446.0,0.9,1.0,0.0,0.0,206.0
2023-01-23 20:57:03.850793,0.21,0.85,449.0,0.9,1.0,0.0,0.0,206.0
2023-01-23 20:57:08.875807,0.21,0.85,450.0,0.9,1.0,0.0,0.0,206.0
2023-01-23 20:57:13.902014,0.21,0.76,451.0,0.9,1.0,0.0,0.0,206.0
2023-01-23 20:57:18.925677,0.19,0.76,453.0,0.9,1.0,0.0,0.0,206.0
2023-01-23 20:57:23.954047,0.16,0.53,453.0,0.8,0.9,0.0,0.0,206.0
2023-01-23 20:57:28.979215,0.19,0.6,453.0,0.9,0.9,0.0,0.0,206.0
2023-01-23 20:57:34.004269,0.19,0.76,453.0,0.9,0.9,0.0,0.0,206.0
2023-01-23 20:57:39.029474,0.18,0.76,454.0,0.8,0.9,0.0,0.0,206.0
2023-01-23 20:57:44.053228,0.18,0.6,454.0,0.8,0.9,0.0,0.0,206.0
2023-01-23 20:57:49.079557,0.19,0.85,454.0,0.8,0.9,0.0,0.0,206.0
2023-01-23 20:57:54.103598,0.19,0.76,455.0,0.9,1.0,0.0,0.0,206.0
2023-01-23 20:57:59.127683,0.19,0.68,457.0,0.9,1.0,0.0,0.0,206.0
2023-01-23 20:58:04.150599,0.18,0.85,457.0,0.8,0.9,0.0,0.0,206.0
2023-01-23 20:58:09.177527,0.2,0.94,458.0,0.7,0.9,0.0,0.0,206.0
2023-01-23 20:58:14.201892,0.19,0.76,459.0,0.7,0.8,0.0,0.0,206.0
2023-01-23 20:58:19.223486,0.19,0.6,459.0,0.7,0.8,0.0,0.0,206.0
2023-01-23 20:58:24.250392,0.19,0.6,460.0,0.7,0.8,0.0,0.0,206.0
2023-01-23 20:58:29.274684,0.21,0.6,460.0,0.7,0.8,0.0,0.0,206.0
2023-01-23 20:58:34.300673,0.18,0.53,460.0,0.7,0.8,0.0,0.0,206.0
2023-01-23 20:58:39.325816,0.19,0.76,460.0,0.8,0.8,0.0,0.0,206.0
2023-01-23 20:58:44.349376,0.19,0.76,460.0,0.8,0.8,0.0,0.0,206.0
2023-01-23 20:58:49.371859,0.18,0.46,459.0,0.8,0.8,0.0,0.0,206.0
2023-01-23 20:58:54.396847,0.19,0.39,459.0,0.8,0.8,0.0,0.0,206.0
2023-01-23 20:58:59.423394,0.17,0.76,458.0,0.8,0.8,0.0,0.0,206.0
2023-01-23 20:59:04.449111,0.18,0.76,458.0,0.7,0.8,0.0,0.0,206.0
2023-01-23 20:59:09.474178,0.2,0.85,455.0,0.7,0.8,0.0,0.0,206.0
2023-01-23 20:59:14.498072,0.18,0.68,454.0,0.8,0.8,0.0,0.0,206.0
2023-01-23 20:59:19.519704,0.19,0.94,453.0,0.9,0.8,0.0,0.0,206.0
2023-01-23 20:59:24.544702,0.18,0.53,453.0,0.8,0.9,0.0,0.0,206.0
2023-01-23 20:59:29.571178,0.21,0.46,451.0,0.8,0.9,0.0,0.0,206.0
2023-01-23 20:59:34.595873,0.18,0.76,450.0,0.9,0.9,0.0,0.0,206.0
2023-01-23 20:59:39.619992,0.19,0.94,450.0,0.8,0.9,0.0,0.0,206.0
2023-01-23 20:59:44.643814,0.19,0.68,450.0,0.7,0.8,0.0,0.0,206.0
2023-01-23 20:59:49.667965,0.2,1.25,451.0,0.7,0.8,0.0,0.0,206.0
2023-01-23 20:59:54.691850,0.19,0.53,451.0,0.7,0.8,0.0,0.0,206.0
2023-01-23 20:59:59.715888,0.21,0.76,451.0,0.7,0.8,0.0,0.0,206.0
2023-01-23 21:00:04.741054,0.19,0.85,451.0,0.6,0.8,0.0,0.0,206.0
2023-01-23 21:00:09.765762,0.21,0.76,451.0,0.5,0.6,0.0,0.0,206.0
2023-01-23 21:00:14.793189,0.19,0.6,451.0,0.5,0.6,0.0,0.0,206.0
2023-01-23 21:00:19.815661,0.19,0.94,451.0,0.5,0.6,0.0,0.0,206.0
2023-01-23 21:00:24.840495,0.21,0.76,450.0,0.6,0.6,0.0,0.0,206.0
2023-01-23 21:00:29.864124,0.19,0.68,450.0,0.6,0.6,0.0,0.0,206.0
2023-01-23 21:00:34.886700,0.19,0.85,450.0,0.6,0.6,0.0,0.0,206.0
2023-01-23 21:00:39.911821,0.21,0.68,451.0,0.6,0.6,0.0,0.0,206.0
2023-01-23 21:00:44.936821,0.18,0.94,451.0,0.6,0.7,0.0,0.0,206.0
2023-01-23 21:00:49.964074,0.18,0.53,453.0,0.7,0.7,0.0,0.0,206.0
2023-01-23 21:00:54.989296,0.19,0.76,455.0,0.7,0.7,0.0,0.0,206.0
2023-01-23 21:01:00.014299,0.18,0.76,457.0,0.7,0.8,0.0,0.0,206.0
2023-01-23 21:01:05.038375,0.2,0.85,458.0,0.8,0.8,0.0,0.0,206.0
2023-01-23 21:01:10.061029,0.18,0.76,459.0,0.8,0.8,0.0,0.0,206.0
2023-01-23 21:01:15.086033,0.18,0.76,460.0,0.7,0.8,0.0,0.0,206.0
2023-01-23 21:01:20.111162,0.19,0.76,460.0,0.7,0.8,0.0,0.0,206.0
2023-01-23 21:01:25.135140,0.19,0.85,460.0,0.8,0.8,0.0,0.0,206.0
2023-01-23 21:01:30.160272,0.19,0.68,460.0,0.8,0.8,0.0,0.0,206.0
2023-01-23 21:01:35.180894,0.2,0.76,458.0,0.8,0.9,0.0,0.0,206.0
2023-01-23 21:01:40.208087,0.19,0.85,457.0,0.9,0.9,0.0,0.0,206.0
2023-01-23 21:01:45.233134,0.2,0.53,455.0,0.8,0.9,0.0,0.0,207.0
2023-01-23 21:01:50.257770,0.2,0.94,453.0,0.8,0.9,0.0,0.0,207.0
2023-01-23 21:01:55.282384,0.2,0.94,451.0,0.8,0.9,0.0,0.0,207.0
2023-01-23 21:02:00.307125,0.17,0.94,449.0,0.8,0.9,0.0,0.0,207.0
2023-01-23 21:02:05.334732,0.18,0.6,449.0,0.9,0.9,0.0,0.0,207.0
2023-01-23 21:02:10.358706,0.19,0.6,448.0,0.9,1.0,0.0,0.0,207.0
2023-01-23 21:02:15.383803,0.19,0.68,446.0,0.9,1.0,0.0,0.0,207.0
2023-01-23 21:02:20.405465,0.16,0.76,446.0,0.9,1.0,0.0,0.0,207.0
2023-01-23 21:02:25.430654,0.16,0.85,446.0,0.8,1.0,0.0,0.0,207.0
2023-01-23 21:02:30.457293,0.19,0.6,445.0,0.8,1.0,0.0,0.0,207.0
2023-01-23 21:02:35.479814,0.18,0.53,446.0,0.8,1.0,0.0,0.0,207.0
2023-01-23 21:02:40.503282,0.21,0.85,448.0,0.7,1.0,0.0,0.0,208.0
2023-01-23 21:02:45.529585,0.18,0.94,450.0,0.7,1.0,0.0,0.0,208.0
2023-01-23 21:02:50.557140,0.19,0.6,453.0,0.7,1.0,0.0,0.0,208.0
2023-01-23 21:02:55.582167,0.18,0.6,457.0,0.7,1.0,0.0,0.0,208.0
2023-01-23 21:03:00.605984,0.18,0.94,460.0,0.7,0.8,0.0,0.0,208.0
2023-01-23 21:03:05.631610,0.18,0.68,463.0,0.8,0.8,0.0,0.0,208.0
2023-01-23 21:03:10.655429,0.21,0.85,464.0,0.8,0.8,0.0,0.0,208.0
2023-01-23 21:03:15.681539,0.19,0.53,467.0,0.7,0.8,0.0,0.0,208.0
2023-01-23 21:03:20.701133,0.2,0.85,467.0,0.7,0.8,0.0,0.0,208.0
2023-01-23 21:03:25.726657,0.19,0.85,467.0,0.6,0.7,0.0,0.0,208.0
2023-01-23 21:03:30.753488,0.18,0.46,465.0,0.6,0.7,0.0,0.0,208.0
2023-01-23 21:03:35.774659,0.2,0.76,465.0,0.6,0.7,0.0,0.0,208.0
2023-01-23 21:03:40.803884,0.19,1.14,464.0,0.6,0.7,0.0,0.0,208.0
2023-01-23 21:03:45.828777,0.19,0.76,464.0,0.7,0.7,0.0,0.0,208.0
2023-01-23 21:03:50.854014,0.19,0.76,464.0,0.7,0.7,0.0,0.0,208.0
2023-01-23 21:03:55.879235,0.18,0.46,465.0,0.8,0.7,0.0,0.0,208.0
2023-01-23 21:04:00.904364,0.19,0.85,465.0,0.8,0.7,0.0,0.0,208.0
2023-01-23 21:04:05.927925,0.21,0.76,464.0,0.8,0.7,0.0,0.0,208.0
2023-01-23 21:04:10.953361,0.18,0.76,462.0,0.8,0.7,0.0,0.0,208.0
2023-01-23 21:04:15.978621,0.19,0.94,460.0,0.8,0.7,0.0,0.0,208.0
2023-01-23 21:04:21.002004,0.18,1.04,459.0,0.8,0.7,0.0,0.0,208.0
2023-01-23 21:04:26.024645,0.2,0.76,458.0,0.8,0.9,0.0,0.0,208.0
2023-01-23 21:04:31.049261,0.18,0.6,457.0,0.8,0.9,0.0,0.0,208.0
2023-01-23 21:04:36.073919,0.19,0.76,455.0,0.8,0.9,0.0,0.0,208.0
2023-01-23 21:04:41.099652,0.2,1.04,454.0,1.0,0.9,0.0,0.0,208.0
2023-01-23 21:04:46.124410,0.19,1.25,454.0,1.0,1.1,0.0,0.0,208.0
2023-01-23 21:04:51.147711,0.19,0.68,455.0,1.0,1.1,0.0,0.0,208.0
2023-01-23 21:04:56.173460,0.19,0.94,457.0,0.9,1.1,0.0,0.0,208.0
2023-01-23 21:05:01.198549,0.21,0.68,457.0,0.8,1.1,0.0,0.0,208.0
2023-01-23 21:05:06.223959,0.18,0.68,458.0,0.7,0.8,0.0,0.0,208.0
2023-01-23 21:05:11.247162,0.17,1.14,458.0,0.7,0.8,0.0,0.0,208.0
2023-01-23 21:05:16.272241,0.18,0.76,458.0,0.7,0.8,0.0,0.0,208.0
2023-01-23 21:05:21.297713,0.18,0.76,458.0,0.7,0.8,0.0,0.0,208.0
2023-01-23 21:05:26.321762,0.18,0.46,458.0,0.7,0.8,0.0,0.0,208.0
2023-01-23 21:05:31.346718,0.19,0.76,457.0,0.7,0.8,0.0,0.0,208.0
2023-01-23 21:05:36.371461,0.19,0.6,457.0,0.8,0.8,0.0,0.0,208.0
2023-01-23 21:05:41.395343,0.19,0.53,457.0,0.8,0.8,0.0,0.0,208.0
2023-01-23 21:05:46.420973,0.17,1.04,458.0,0.8,0.9,0.0,0.0,208.0
2023-01-23 21:05:51.446669,0.18,0.46,458.0,0.8,0.9,0.0,0.0,208.0
2023-01-23 21:05:56.470817,0.2,0.68,457.0,0.8,0.9,0.0,0.0,208.0
2023-01-23 21:06:01.494545,0.17,0.76,457.0,0.7,0.8,0.0,0.0,208.0
2023-01-23 21:06:06.520152,0.19,0.94,458.0,0.7,0.8,0.0,0.0,208.0
2023-01-23 21:06:11.544720,0.19,0.76,459.0,0.7,0.8,0.0,0.0,208.0
2023-01-23 21:06:16.570348,0.2,0.68,460.0,0.7,0.8,0.0,0.0,208.0
2023-01-23 21:06:21.595589,0.19,0.68,460.0,0.7,0.8,0.0,0.0,208.0
2023-01-23 21:06:26.621084,0.19,0.94,462.0,0.6,0.8,0.0,0.0,208.0
2023-01-23 21:06:31.643954,0.18,0.94,462.0,0.7,0.8,0.0,0.0,208.0
2023-01-23 21:06:36.669798,0.18,0.68,462.0,0.7,0.8,0.0,0.0,208.0
2023-01-23 21:06:41.693898,0.19,1.04,462.0,0.8,0.8,0.0,0.0,208.0
2023-01-23 21:06:46.718567,0.17,0.53,463.0,0.8,0.8,0.0,0.0,208.0
2023-01-23 21:06:51.750410,0.18,0.76,462.0,0.7,0.8,0.0,0.0,208.0
2023-01-23 21:06:56.767539,0.2,0.76,463.0,0.8,0.8,0.0,0.0,208.0
2023-01-23 21:07:01.793074,0.2,0.94,463.0,0.8,0.8,0.0,0.0,208.0
2023-01-23 21:07:06.817320,0.19,0.85,463.0,0.7,0.8,0.0,0.0,208.0
2023-01-23 21:07:11.840594,0.18,0.76,463.0,0.7,0.8,0.0,0.0,208.0
2023-01-23 21:07:16.865573,0.19,0.76,463.0,0.6,0.7,0.0,0.0,208.0
2023-01-23 21:07:21.890325,0.2,0.85,463.0,0.7,0.7,0.0,0.0,208.0
2023-01-23 21:07:26.914594,0.2,0.76,463.0,0.6,0.7,0.0,0.0,208.0
2023-01-23 21:07:31.939710,0.18,0.39,464.0,0.6,0.7,0.0,0.0,208.0
2023-01-23 21:07:36.961994,0.2,0.6,464.0,0.6,0.7,0.0,0.0,208.0
2023-01-23 21:07:41.987549,0.19,1.04,463.0,0.7,0.7,0.0,0.0,208.0
2023-01-23 21:07:47.012848,0.19,0.94,463.0,0.7,0.7,0.0,0.0,208.0
2023-01-23 21:07:52.038455,0.18,0.68,463.0,0.7,0.8,0.0,0.0,208.0
2023-01-23 21:07:57.063587,0.19,1.04,463.0,0.7,0.8,0.0,0.0,208.0
2023-01-23 21:08:02.086644,0.19,0.68,462.0,0.7,0.8,0.0,0.0,208.0
2023-01-23 21:08:07.111794,0.17,0.53,460.0,0.7,0.8,0.0,0.0,208.0
2023-01-23 21:08:12.136469,0.19,0.85,460.0,0.6,0.7,0.0,0.0,208.0
2023-01-23 21:08:17.163434,0.21,0.76,460.0,0.6,0.7,0.0,0.0,208.0
2023-01-23 21:08:22.186933,0.18,0.6,459.0,0.6,0.7,0.0,0.0,208.0
2023-01-23 21:08:27.210863,0.19,0.85,459.0,0.6,0.7,0.0,0.0,208.0
2023-01-23 21:08:32.235698,0.19,0.85,459.0,0.6,0.7,0.0,0.0,208.0
2023-01-23 21:08:37.259906,0.21,0.85,459.0,0.7,0.7,0.0,0.0,207.0
2023-01-23 21:08:42.285743,0.2,0.76,459.0,0.8,0.7,0.0,0.0,207.0
2023-01-23 21:08:47.310520,0.18,0.6,459.0,0.8,0.9,0.0,0.0,207.0
2023-01-23 21:08:52.335868,0.19,1.25,458.0,0.8,0.9,0.0,0.0,207.0
2023-01-23 21:08:57.361839,0.17,0.53,458.0,0.9,0.9,0.0,0.0,207.0
2023-01-23 21:09:02.384424,0.18,0.94,459.0,0.8,0.9,0.0,0.0,207.0
2023-01-23 21:09:07.409319,0.19,0.85,458.0,0.7,0.8,0.0,0.0,207.0
2023-01-23 21:09:12.432916,0.18,1.04,458.0,0.9,0.8,0.0,0.0,207.0
2023-01-23 21:09:17.457946,0.19,0.68,458.0,1.0,0.8,0.0,0.0,207.0
2023-01-23 21:09:22.483161,0.19,0.46,459.0,1.1,0.8,0.0,0.0,207.0
2023-01-23 21:09:27.508932,0.19,0.46,460.0,1.1,1.2,0.0,0.0,207.0
2023-01-23 21:09:32.532683,0.19,0.46,460.0,1.0,1.1,0.0,0.0,207.0
2023-01-23 21:09:37.557382,0.19,1.04,462.0,0.9,1.0,0.0,0.0,208.0
2023-01-23 21:09:42.581353,0.19,0.76,462.0,0.9,1.0,0.0,0.0,208.0
2023-01-23 21:09:47.607740,0.18,0.53,462.0,0.8,0.9,0.0,0.0,208.0
2023-01-23 21:09:52.630697,0.18,0.68,463.0,0.9,0.9,0.0,0.0,208.0
2023-01-23 21:09:57.655890,0.18,1.04,463.0,0.9,0.9,0.0,0.0,208.0
2023-01-23 21:10:02.680562,0.19,0.94,464.0,0.8,0.9,0.0,0.0,208.0
2023-01-23 21:10:07.705940,0.19,0.68,463.0,0.9,1.0,0.0,0.0,208.0
2023-01-23 21:10:12.730702,0.16,0.53,464.0,1.0,1.0,0.0,0.0,208.0
2023-01-23 21:10:17.754041,0.18,0.94,464.0,1.0,1.0,0.0,0.0,208.0
2023-01-23 21:10:22.778609,0.2,1.04,464.0,0.9,1.0,0.0,0.0,208.0
2023-01-23 21:10:27.802191,0.18,0.85,463.0,0.9,1.0,0.0,0.0,208.0
2023-01-23 21:10:32.828753,0.19,0.85,463.0,0.8,1.0,0.0,0.0,208.0
2023-01-23 21:10:37.855528,0.2,0.94,462.0,0.7,1.0,0.0,0.0,208.0
2023-01-23 21:10:42.879792,0.16,0.85,460.0,0.7,1.0,0.0,0.0,208.0
2023-01-23 21:10:47.904860,0.19,0.76,460.0,0.7,0.8,0.0,0.0,208.0
2023-01-23 21:10:52.930066,0.19,0.94,460.0,0.7,0.8,0.0,0.0,208.0
2023-01-23 21:10:57.955027,0.19,0.76,460.0,0.6,0.7,0.0,0.0,208.0
2023-01-23 21:11:02.979027,0.18,0.6,460.0,0.7,0.7,0.0,0.0,208.0
2023-01-23 21:11:08.002657,0.17,0.94,460.0,0.7,0.8,0.0,0.0,208.0
2023-01-23 21:11:13.027507,0.2,0.53,462.0,0.7,0.8,0.0,0.0,208.0
2023-01-23 21:11:18.050910,0.19,0.85,462.0,0.7,0.8,0.0,0.0,208.0
2023-01-23 21:11:23.076327,0.16,0.76,462.0,0.8,0.9,0.0,0.0,208.0
2023-01-23 21:11:28.099112,0.16,0.53,463.0,0.9,0.9,0.0,0.0,208.0
2023-01-23 21:11:33.122733,0.18,0.85,463.0,0.9,1.0,0.0,0.0,208.0
2023-01-23 21:11:38.147679,0.19,0.6,463.0,0.8,0.9,0.0,0.0,208.0
2023-01-23 21:11:43.174013,0.18,0.46,463.0,0.7,0.8,0.0,0.0,208.0
2023-01-23 21:11:48.199642,0.19,0.85,462.0,0.7,0.8,0.0,0.0,208.0
2023-01-23 21:11:53.222863,0.18,0.53,462.0,0.7,0.8,0.0,0.0,208.0
2023-01-23 21:11:58.247604,0.19,0.85,460.0,0.7,0.8,0.0,0.0,208.0
2023-01-23 21:12:03.271348,0.19,1.04,459.0,0.7,0.8,0.0,0.0,208.0
2023-01-23 21:12:08.294889,0.19,0.39,459.0,0.8,0.8,0.0,0.0,208.0
2023-01-23 21:12:13.318992,0.18,0.76,459.0,0.7,0.8,0.0,0.0,208.0
2023-01-23 21:12:18.343566,0.19,0.68,459.0,0.8,0.9,0.0,0.0,208.0
2023-01-23 21:12:23.367610,0.19,0.76,460.0,0.9,1.0,0.0,0.0,208.0
2023-01-23 21:12:28.394704,0.18,0.46,460.0,0.9,1.0,0.0,0.0,208.0
2023-01-23 21:12:33.418602,0.19,0.94,462.0,0.9,1.0,0.0,0.0,208.0
2023-01-23 21:12:38.443488,0.19,1.04,463.0,0.9,1.0,0.0,0.0,208.0
2023-01-23 21:12:43.469376,0.19,0.85,464.0,0.8,0.9,0.0,0.0,208.0
2023-01-23 21:12:48.491340,0.19,0.94,464.0,0.8,0.9,0.0,0.0,208.0
2023-01-23 21:12:53.514496,0.19,0.53,465.0,0.9,0.9,0.0,0.0,208.0
2023-01-23 21:12:58.539627,0.2,0.94,467.0,0.8,0.9,0.0,0.0,208.0
2023-01-23 21:13:03.566599,0.18,0.6,467.0,0.8,0.9,0.0,0.0,208.0
2023-01-23 21:13:08.590905,0.2,0.76,468.0,0.7,0.8,0.0,0.0,209.56
2023-01-23 21:13:13.615831,0.18,0.53,468.0,0.8,0.9,0.0,0.0,209.56
2023-01-23 21:13:18.641275,0.18,0.85,468.0,0.9,0.9,0.0,0.0,207.0
2023-01-23 21:13:23.663175,0.2,1.04,467.0,0.9,0.9,0.0,0.0,207.0
2023-01-23 21:13:28.687805,0.2,0.68,465.0,0.8,0.9,0.0,0.0,207.0
2023-01-23 21:13:33.711991,0.18,0.6,465.0,0.8,0.9,0.0,0.0,207.0
2023-01-23 21:13:38.736955,0.19,0.76,465.0,0.9,0.9,0.0,0.0,207.0
2023-01-23 21:13:43.761928,0.2,0.85,465.0,0.8,0.9,0.0,0.0,207.0
2023-01-23 21:13:48.787673,0.2,0.76,467.0,0.8,0.9,0.0,0.0,207.0
2023-01-23 21:13:53.814371,0.17,1.04,465.0,0.8,0.9,0.0,0.0,207.0
2023-01-23 21:13:58.839669,0.18,0.85,467.0,0.8,0.9,0.0,0.0,207.0
2023-01-23 21:14:03.864713,0.2,0.85,467.0,0.7,0.9,0.0,0.0,207.0
2023-01-23 21:14:08.888783,0.2,0.6,467.0,0.7,0.8,0.0,0.0,207.0
2023-01-23 21:14:13.913409,0.18,0.34,468.0,0.8,0.8,0.0,0.0,207.0
2023-01-23 21:14:18.937431,0.2,0.53,469.0,0.7,0.8,0.0,0.0,207.0
2023-01-23 21:14:23.962193,0.18,0.76,469.0,0.7,0.8,0.0,0.0,207.0
2023-01-23 21:14:28.987266,0.21,0.85,469.0,0.7,0.8,0.0,0.0,207.0
2023-01-23 21:14:34.012905,0.2,0.94,471.0,0.7,0.8,0.0,0.0,207.0
2023-01-23 21:14:39.037385,0.16,0.6,472.0,0.7,0.8,0.0,0.0,207.0
2023-01-23 21:14:44.062124,0.21,0.68,472.0,0.7,0.8,0.0,0.0,207.0
2023-01-23 21:14:49.086331,0.2,0.85,472.0,0.8,0.8,0.0,0.0,207.0
2023-01-23 21:14:54.111592,0.19,0.6,472.0,0.8,0.8,0.0,0.0,207.0
2023-01-23 21:14:59.136412,0.19,0.53,471.0,0.7,0.8,0.0,0.0,207.0
2023-01-23 21:15:04.161135,0.21,0.94,471.0,0.7,0.8,0.0,0.0,207.0
2023-01-23 21:15:09.185937,0.15,0.53,471.0,0.6,0.7,0.0,0.0,207.0
2023-01-23 21:15:14.209043,0.21,0.76,471.0,0.7,0.7,0.0,0.0,207.0
2023-01-23 21:15:19.233706,0.18,0.94,471.0,0.8,0.7,0.0,0.0,207.0
2023-01-23 21:15:24.257831,0.19,1.04,472.0,0.8,0.7,0.0,0.0,207.0
2023-01-23 21:15:29.280920,0.21,0.85,472.0,0.9,0.7,0.0,0.0,207.0
2023-01-23 21:15:34.306130,0.17,0.76,473.0,1.0,0.7,0.0,0.0,207.0
2023-01-23 21:15:39.329778,0.18,0.53,473.0,1.0,0.7,0.0,0.0,207.0
2023-01-23 21:15:44.355820,0.18,0.94,474.0,0.9,1.0,0.0,0.0,207.0
2023-01-23 21:15:49.379377,0.19,0.46,473.0,0.9,1.0,0.0,0.0,207.0
2023-01-23 21:15:54.402505,0.19,0.85,473.0,0.9,1.0,0.0,0.0,207.0
2023-01-23 21:15:59.427724,0.19,0.6,473.0,0.8,0.9,0.0,0.0,207.0
2023-01-23 21:16:04.453225,0.17,0.76,473.0,0.8,0.9,0.0,0.0,207.0
2023-01-23 21:16:09.477643,0.19,1.04,473.0,0.8,0.9,0.0,0.0,207.0
2023-01-23 21:16:14.502278,0.16,0.68,472.0,0.7,0.8,0.0,0.0,207.0
2023-01-23 21:16:19.525581,0.18,0.68,473.0,0.7,0.8,0.0,0.0,207.0
2023-01-23 21:16:24.551299,0.19,0.76,473.0,0.9,0.8,0.0,0.0,208.0
2023-01-23 21:16:29.574771,0.19,0.85,472.0,0.9,1.0,0.0,0.0,208.0
2023-01-23 21:16:34.599669,0.19,0.85,473.0,0.9,1.0,0.0,0.0,208.0
2023-01-23 21:16:39.623353,0.18,1.04,472.0,0.9,1.0,0.0,0.0,208.0
2023-01-23 21:16:44.649164,0.17,0.39,472.0,0.9,1.0,0.0,0.0,208.0
2023-01-23 21:16:49.674206,0.19,0.76,472.0,0.9,1.0,0.0,0.0,208.0
2023-01-23 21:16:54.699345,0.2,0.68,472.0,1.0,1.0,0.0,0.0,208.0
2023-01-23 21:16:59.722795,0.19,1.04,471.0,1.1,1.0,0.0,0.0,208.0
2023-01-23 21:17:04.748010,0.18,0.68,471.0,1.1,1.0,0.0,0.0,209.0
2023-01-23 21:17:09.773204,0.21,0.6,471.0,1.0,1.0,0.0,0.0,209.0
2023-01-23 21:17:14.798278,0.19,0.76,472.0,0.9,1.0,0.0,0.0,209.0
2023-01-23 21:17:19.822696,0.2,0.94,472.0,0.9,1.0,0.0,0.0,209.0
2023-01-23 21:17:24.848738,0.2,0.94,472.0,0.8,0.9,0.0,0.0,209.0
2023-01-23 21:17:29.872322,0.19,0.76,473.0,0.8,0.9,0.0,0.0,209.0
2023-01-23 21:17:34.896871,0.19,0.53,473.0,0.8,0.9,0.0,0.0,209.0
2023-01-23 21:17:39.921281,0.19,0.76,473.0,0.9,0.9,0.0,0.0,209.0
2023-01-23 21:17:44.944928,0.19,0.6,473.0,0.8,0.9,0.0,0.0,209.0
2023-01-23 21:17:49.970711,0.19,0.94,462.0,0.8,0.9,0.0,0.0,209.0
2023-01-23 21:17:54.995800,0.18,0.46,464.0,0.8,0.9,0.0,0.0,209.0
2023-01-23 21:18:00.023207,0.19,0.76,465.0,0.9,0.9,0.0,0.0,209.0
2023-01-23 21:18:05.044798,0.19,1.25,465.0,0.8,0.9,0.0,0.0,209.0
2023-01-23 21:18:10.068599,0.19,0.85,465.0,0.7,0.8,0.0,0.0,209.0
2023-01-23 21:18:15.093812,0.16,0.76,468.0,0.7,0.8,0.0,0.0,209.0
2023-01-23 21:18:20.117517,0.2,0.85,469.0,0.7,0.8,0.0,0.0,210.0
2023-01-23 21:18:25.142283,0.19,0.6,469.0,0.7,0.8,0.0,0.0,210.0
2023-01-23 21:18:30.166401,0.18,0.76,471.0,0.6,0.7,0.0,0.0,210.0
2023-01-23 21:18:35.191379,0.18,0.76,473.0,0.7,0.7,0.0,0.0,210.0
2023-01-23 21:18:40.214834,0.19,0.85,474.0,0.8,0.7,0.0,0.0,210.0
2023-01-23 21:18:45.241460,0.19,1.04,476.0,0.8,0.7,0.0,0.0,210.0
2023-01-23 21:18:50.265848,0.19,0.76,478.0,0.8,0.7,0.0,0.0,210.0
2023-01-23 21:18:55.289247,0.17,0.68,478.0,0.8,0.7,0.0,0.0,210.0
2023-01-23 21:19:00.315242,0.19,0.85,479.0,0.8,0.7,0.0,0.0,210.0
2023-01-23 21:19:05.339890,0.18,0.68,479.0,0.8,0.7,0.0,0.0,210.0
2023-01-23 21:19:10.364389,0.16,0.46,481.0,0.8,0.7,0.0,0.0,210.0
2023-01-23 21:19:15.390134,0.21,0.68,481.0,0.9,0.7,0.0,0.0,210.0
2023-01-23 21:19:20.415561,0.18,0.53,481.0,0.9,0.7,0.0,0.0,211.0
2023-01-23 21:19:25.440219,0.19,0.94,481.0,0.8,0.9,0.0,0.0,211.0
2023-01-23 21:19:30.465552,0.2,0.68,481.0,0.8,0.9,0.0,0.0,211.0
2023-01-23 21:19:35.487746,0.19,0.76,479.0,0.7,0.9,0.0,0.0,211.0
2023-01-23 21:19:40.514881,0.18,0.34,479.0,0.6,0.7,0.0,0.0,211.0
2023-01-23 21:19:45.540962,0.19,0.68,478.0,0.7,0.7,0.0,0.0,211.0
2023-01-23 21:19:50.565350,0.19,0.85,478.0,0.8,0.7,0.0,0.0,211.0
2023-01-23 21:19:55.591132,0.17,0.85,478.0,0.8,0.9,0.0,0.0,212.0
2023-01-23 21:20:00.616220,0.19,0.85,478.0,0.8,0.9,0.0,0.0,212.0
2023-01-23 21:20:05.640253,0.19,0.85,477.0,0.8,0.9,0.0,0.0,212.0
2023-01-23 21:20:10.665487,0.18,0.68,477.0,0.8,0.9,0.0,0.0,212.0
2023-01-23 21:20:15.690481,0.19,0.76,477.0,0.8,0.9,0.0,0.0,212.0
2023-01-23 21:20:20.713832,0.18,0.68,476.0,0.9,0.9,0.0,0.0,212.0
2023-01-23 21:20:25.738908,0.18,0.6,476.0,1.0,0.9,0.0,0.0,212.0
2023-01-23 21:20:30.765923,0.16,0.76,474.0,1.0,0.9,0.0,0.0,212.0
2023-01-23 21:20:35.787507,0.17,0.76,474.0,0.9,1.0,0.0,0.0,212.0
2023-01-23 21:20:40.813255,0.18,1.25,476.0,0.9,1.0,0.0,0.0,212.0
2023-01-23 21:20:45.837688,0.17,0.53,477.0,0.9,1.0,0.0,0.0,212.0
2023-01-23 21:20:50.862451,0.18,0.68,477.0,1.0,1.0,0.0,0.0,212.0
2023-01-23 21:20:55.885761,0.18,0.85,477.0,1.0,1.1,0.0,0.0,212.0
2023-01-23 21:21:00.911255,0.19,0.85,477.0,1.0,1.1,0.0,0.0,212.0
2023-01-23 21:21:05.937112,0.19,0.94,478.0,1.0,1.1,0.0,0.0,213.0
2023-01-23 21:21:10.961605,0.18,0.76,478.0,0.9,1.0,0.0,0.0,213.0
2023-01-23 21:21:15.985915,0.17,0.85,478.0,1.0,1.0,0.0,0.0,213.0
2023-01-23 21:21:21.011230,0.18,0.6,478.0,0.9,1.0,0.0,0.0,213.0
2023-01-23 21:21:26.037257,0.18,0.6,477.0,0.9,1.0,0.0,0.0,213.0
2023-01-23 21:21:31.061327,0.18,0.85,476.0,0.8,0.9,0.0,0.0,213.0
2023-01-23 21:21:36.086527,0.19,1.61,476.0,0.8,0.9,0.0,0.0,213.0
2023-01-23 21:21:41.112313,0.19,0.94,476.0,0.8,0.9,0.0,0.0,213.0
2023-01-23 21:21:46.136604,0.19,0.76,477.0,0.7,0.8,0.0,0.0,213.0
2023-01-23 21:21:51.161094,0.17,0.6,477.0,0.7,0.8,0.0,0.0,213.0
2023-01-23 21:21:56.186109,0.17,0.53,477.0,0.7,0.8,0.0,0.0,213.0
2023-01-23 21:22:01.211709,0.19,0.85,477.0,0.8,0.8,0.0,0.0,213.0
2023-01-23 21:22:06.235888,0.16,0.94,477.0,0.9,0.8,0.0,0.0,213.0
2023-01-23 21:22:11.262379,0.18,0.76,477.0,0.9,1.0,0.0,0.0,213.0
2023-01-23 21:22:16.286528,0.19,0.85,478.0,0.9,1.0,0.0,0.0,213.0
2023-01-23 21:22:21.311404,0.18,0.68,478.0,0.9,1.0,0.0,0.0,213.0
2023-01-23 21:22:26.336514,0.18,0.6,478.0,0.9,1.0,0.0,0.0,213.0
2023-01-23 21:22:31.360323,0.19,0.94,478.0,1.0,1.0,0.0,0.0,213.0
2023-01-23 21:22:36.385950,0.19,0.76,478.0,0.9,1.0,0.0,0.0,213.0
2023-01-23 21:22:41.410460,0.16,0.68,477.0,0.8,0.9,0.0,0.0,213.0
2023-01-23 21:22:46.435344,0.18,0.53,478.0,0.8,0.9,0.0,0.0,213.0
2023-01-23 21:22:51.460683,0.17,0.46,478.0,0.9,0.9,0.0,0.0,213.0
2023-01-23 21:22:56.485686,0.19,1.04,478.0,0.8,0.9,0.0,0.0,213.0
2023-01-23 21:23:01.512406,0.18,0.85,478.0,0.8,0.9,0.0,0.0,213.0
2023-01-23 21:23:06.535497,0.19,0.76,478.0,0.7,0.8,0.0,0.0,213.0
2023-01-23 21:23:11.560695,0.19,0.85,477.0,0.9,0.8,0.0,0.0,213.0
2023-01-23 21:23:16.585379,0.19,0.94,477.0,0.8,0.9,0.0,0.0,213.0
2023-01-23 21:23:21.610415,0.17,0.68,478.0,0.9,0.9,0.0,0.0,213.0
2023-01-23 21:23:26.636014,0.16,0.76,478.0,0.9,1.0,0.0,0.0,213.0
2023-01-23 21:23:31.658937,0.18,0.68,478.0,1.1,1.0,0.0,0.0,213.0
2023-01-23 21:23:36.684092,0.16,0.85,479.0,1.2,1.0,0.0,0.0,214.0
2023-01-23 21:23:41.709165,0.17,0.85,479.0,1.2,1.3,0.0,0.0,214.0
2023-01-23 21:23:46.734571,0.19,0.94,481.0,1.1,1.2,0.0,0.0,214.0
2023-01-23 21:23:51.759758,0.19,0.76,482.0,1.0,1.2,0.0,0.0,214.0
2023-01-23 21:23:56.785334,0.18,0.76,483.0,0.9,1.2,0.0,0.0,214.0
2023-01-23 21:24:01.810058,0.19,0.85,485.0,0.8,0.9,0.0,0.0,214.0
2023-01-23 21:24:06.834991,0.19,1.04,485.0,0.7,0.8,0.0,0.0,215.0
2023-01-23 21:24:11.859863,0.21,0.76,483.0,0.7,0.8,0.0,0.0,215.0
2023-01-23 21:24:16.884086,0.17,0.6,483.0,0.8,0.9,0.0,0.0,216.0
2023-01-23 21:24:21.909234,0.18,0.85,485.0,1.0,0.9,0.0,0.0,217.0
2023-01-23 21:24:26.934155,0.18,0.6,485.0,1.0,1.1,0.0,0.0,217.0
2023-01-23 21:24:31.959943,0.2,0.76,485.0,0.9,1.0,0.0,0.0,218.0
2023-01-23 21:24:36.984504,0.17,0.6,483.0,0.9,1.0,0.0,0.0,218.0
2023-01-23 21:24:42.009096,0.21,0.68,485.0,0.9,1.0,0.0,0.0,219.0
2023-01-23 21:24:47.033895,0.2,0.6,485.0,0.8,0.9,0.0,0.0,219.0
2023-01-23 21:24:52.057744,0.18,0.85,485.0,0.8,0.9,0.0,0.0,220.0
2023-01-23 21:24:57.083472,0.18,0.76,485.0,0.8,0.9,0.0,0.0,220.0
2023-01-23 21:25:02.107761,0.18,0.85,485.0,0.9,0.9,0.0,0.0,220.0
2023-01-23 21:25:07.133237,0.19,0.46,483.0,0.9,0.9,0.0,0.0,220.0
2023-01-23 21:25:12.157411,0.18,0.76,482.0,0.9,0.9,0.0,0.0,220.0
2023-01-23 21:25:17.182674,0.21,0.68,482.0,0.8,0.9,0.0,0.0,221.0
2023-01-23 21:25:22.207625,0.19,0.85,483.0,0.8,0.9,0.0,0.0,221.0
2023-01-23 21:25:27.232595,0.16,1.04,482.0,0.7,0.8,0.0,0.0,221.0
2023-01-23 21:25:32.257486,0.16,0.76,483.0,0.8,0.9,0.0,0.0,222.0
2023-01-23 21:25:37.282836,0.18,1.14,483.0,0.8,0.9,0.0,0.0,222.0
2023-01-23 21:25:42.308522,0.18,0.6,483.0,0.8,0.9,0.0,0.0,222.0
2023-01-23 21:25:47.331760,0.2,1.04,485.0,0.7,0.8,0.0,0.0,222.0
2023-01-23 21:25:52.355776,0.17,0.53,485.0,0.8,0.8,0.0,0.0,222.0
2023-01-23 21:25:57.380948,0.18,0.94,486.0,0.8,0.8,0.0,0.0,222.0
2023-01-23 21:26:02.406994,0.19,0.68,486.0,0.9,0.8,0.0,0.0,222.0
2023-01-23 21:26:07.434581,0.18,0.53,486.0,0.9,1.0,0.0,0.0,222.0
2023-01-23 21:26:12.458586,0.18,0.68,487.0,1.0,1.0,0.0,0.0,222.0
2023-01-23 21:26:17.481914,0.16,0.94,487.0,1.0,1.0,0.0,0.0,222.0
2023-01-23 21:26:22.504866,0.18,0.68,487.0,1.0,1.0,0.0,0.0,223.0
2023-01-23 21:26:27.530153,0.18,0.6,486.0,1.0,1.0,0.0,0.0,223.0
2023-01-23 21:26:32.555241,0.18,1.04,487.0,1.0,1.1,0.0,0.0,223.0
2023-01-23 21:26:37.583558,0.16,0.94,487.0,1.0,1.1,0.0,0.0,223.0
2023-01-23 21:26:42.608703,0.18,0.76,487.0,1.0,1.1,0.0,0.0,223.0
2023-01-23 21:26:47.632698,0.16,0.6,487.0,1.1,1.1,0.0,0.0,223.0
2023-01-23 21:26:52.657453,0.18,0.85,487.0,1.1,1.1,0.0,0.0,223.0
2023-01-23 21:26:57.681753,0.21,0.68,486.0,1.1,1.1,0.0,0.0,223.0
2023-01-23 21:27:02.705529,0.19,0.68,486.0,1.0,1.1,0.0,0.0,223.0
2023-01-23 21:27:07.730718,0.16,0.76,487.0,1.1,1.1,0.0,0.0,223.0
2023-01-23 21:27:12.755715,0.16,0.68,487.0,1.0,1.1,0.0,0.0,223.0
2023-01-23 21:27:17.779625,0.18,0.53,487.0,0.9,1.0,0.0,0.0,223.0
2023-01-23 21:27:22.804633,0.18,0.46,487.0,0.9,1.0,0.0,0.0,223.0
2023-01-23 21:27:27.829755,0.18,0.46,486.0,0.9,1.0,0.0,0.0,223.0
2023-01-23 21:27:32.853986,0.19,0.85,487.0,0.9,1.0,0.0,0.0,223.0
2023-01-23 21:27:37.876043,0.19,0.6,487.0,0.9,1.0,0.0,0.0,223.0
2023-01-23 21:27:42.899352,0.19,0.85,487.0,0.9,1.0,0.0,0.0,223.0
2023-01-23 21:27:47.924808,0.17,0.85,488.0,1.0,1.1,0.0,0.0,223.0
2023-01-23 21:27:52.947513,0.16,0.53,488.0,1.0,1.1,0.0,0.0,223.0
2023-01-23 21:27:57.971427,0.19,0.85,488.0,1.0,1.1,0.0,0.0,223.0
2023-01-23 21:28:02.999217,0.17,0.53,488.0,1.1,1.1,0.0,0.0,223.0
2023-01-23 21:28:08.020366,0.18,1.04,488.0,1.0,1.1,0.0,0.0,223.0
2023-01-23 21:28:13.045237,0.18,0.76,487.0,0.9,1.1,0.0,0.0,223.0
2023-01-23 21:28:18.070853,0.18,0.6,487.0,0.8,0.9,0.0,0.0,223.0
2023-01-23 21:28:23.096264,0.15,0.68,486.0,0.9,0.9,0.0,0.0,223.0
2023-01-23 21:28:28.118383,0.18,0.6,485.0,0.9,1.0,0.0,0.0,223.0
2023-01-23 21:28:33.143204,0.19,0.76,483.0,0.9,1.0,0.0,0.0,223.0
2023-01-23 21:28:38.167197,0.17,0.53,483.0,0.9,1.0,0.0,0.0,223.0
2023-01-23 21:28:43.191235,0.2,0.85,483.0,0.9,1.0,0.0,0.0,223.0
2023-01-23 21:28:48.216407,0.18,0.85,483.0,0.8,0.9,0.0,0.0,223.0
2023-01-23 21:28:53.243659,0.2,0.6,485.0,0.7,0.8,0.0,0.0,223.0
2023-01-23 21:28:58.267434,0.21,0.94,486.0,0.8,0.8,0.0,0.0,223.0
2023-01-23 21:29:03.292818,0.18,0.76,486.0,0.8,0.9,0.0,0.0,222.0
2023-01-23 21:29:08.316747,0.19,1.04,487.0,0.9,0.9,0.0,0.0,222.0
2023-01-23 21:29:13.340062,0.16,0.94,487.0,0.8,0.9,0.0,0.0,222.0
2023-01-23 21:29:18.364635,0.16,0.68,488.0,0.7,0.8,0.0,0.0,222.0
2023-01-23 21:29:23.388951,0.19,0.76,488.0,0.8,0.8,0.0,0.0,222.0
2023-01-23 21:29:28.413934,0.19,0.76,488.0,0.7,0.8,0.0,0.0,222.0
2023-01-23 21:29:33.439113,0.16,1.04,488.0,0.8,0.8,0.0,0.0,222.0
2023-01-23 21:29:38.463765,0.16,0.76,488.0,0.8,0.9,0.0,0.0,222.0
2023-01-23 21:29:43.488452,0.16,0.94,490.0,0.8,0.9,0.0,0.0,222.0
2023-01-23 21:29:48.512041,0.19,0.46,490.0,0.8,0.9,0.0,0.0,222.0
2023-01-23 21:29:53.537356,0.18,0.6,490.0,0.8,0.9,0.0,0.0,223.0
2023-01-23 21:29:58.559830,0.18,0.85,490.0,0.6,0.7,0.0,0.0,223.0
2023-01-23 21:30:03.584567,0.18,0.53,490.0,0.6,0.7,0.0,0.0,223.0
2023-01-23 21:30:08.611582,0.17,0.85,488.0,0.6,0.7,0.0,0.0,222.0
2023-01-23 21:30:13.636618,0.19,0.94,488.0,0.6,0.7,0.0,0.0,222.0
2023-01-23 21:30:18.662060,0.19,0.76,487.0,0.6,0.7,0.0,0.0,222.0
2023-01-23 21:30:23.686832,0.21,0.94,487.0,0.6,0.7,0.0,0.0,222.0
2023-01-23 21:30:28.712171,0.16,0.68,486.0,0.7,0.8,0.0,0.0,222.0
2023-01-23 21:30:33.737084,0.18,0.94,486.0,0.8,0.9,0.0,0.0,222.0
2023-01-23 21:30:38.759085,0.16,0.76,485.0,0.9,1.0,0.0,0.0,222.0
2023-01-23 21:30:43.783803,0.18,0.46,483.0,0.9,1.0,0.0,0.0,222.0
2023-01-23 21:30:48.807980,0.19,0.53,483.0,0.9,1.0,0.0,0.0,222.0
2023-01-23 21:30:53.831863,0.18,0.76,482.0,1.0,1.1,0.0,0.0,222.0
2023-01-23 21:30:58.857869,0.18,0.76,482.0,1.1,1.2,0.0,0.0,222.0
2023-01-23 21:31:03.885135,0.18,0.53,482.0,1.2,1.3,0.0,0.0,222.0
2023-01-23 21:31:08.911729,0.17,0.85,482.0,1.2,1.3,0.0,0.0,222.0
2023-01-23 21:31:13.936474,0.18,0.94,482.0,1.2,1.3,0.0,0.0,222.0
2023-01-23 21:31:18.961915,0.17,0.76,482.0,1.1,1.2,1.3,0.0,222.0
2023-01-23 21:31:23.986676,0.2,0.76,482.0,1.1,1.2,1.3,0.0,222.0
2023-01-23 21:31:29.010605,0.18,0.76,483.0,1.1,1.2,1.3,1.3,222.0
2023-01-23 21:31:34.035334,0.16,0.85,483.0,1.2,1.3,1.3,1.3,222.0
2023-01-23 21:31:39.060506,0.18,0.76,485.0,1.1,1.2,1.3,1.3,222.0
2023-01-23 21:31:44.083842,0.18,0.68,485.0,1.0,1.1,1.3,1.2,222.0
2023-01-23 21:31:49.108042,0.18,0.85,485.0,1.0,1.1,1.3,1.2,222.0
2023-01-23 21:31:54.133106,0.18,1.04,485.0,0.9,1.0,1.3,1.1,222.0
2023-01-23 21:31:59.159334,0.19,0.68,486.0,0.8,0.9,1.3,1.1,221.0
2023-01-23 21:32:04.185330,0.21,0.94,486.0,0.8,0.9,1.3,1.1,221.0
2023-01-23 21:32:09.210735,0.16,0.94,486.0,0.8,0.9,1.3,1.0,221.0
2023-01-23 21:32:14.233168,0.16,0.85,486.0,0.9,0.9,1.0,1.0,221.0
2023-01-23 21:32:19.257465,0.18,0.68,486.0,0.9,1.0,1.0,1.0,221.0
2023-01-23 21:32:24.280428,0.18,0.85,486.0,0.9,1.0,1.0,1.0,221.0
2023-01-23 21:32:29.305520,0.18,1.04,486.0,0.9,1.0,1.0,1.0,221.0
2023-01-23 21:32:34.329501,0.19,0.85,487.0,0.9,1.0,1.0,1.0,221.0
2023-01-23 21:32:39.355485,0.18,0.94,487.0,0.8,0.9,1.0,1.0,221.0
2023-01-23 21:32:44.380664,0.19,0.68,487.0,0.8,0.9,1.0,1.0,221.0
2023-01-23 21:32:49.404259,0.16,0.68,487.0,0.7,0.8,1.0,1.0,221.0
2023-01-23 21:32:54.428310,0.18,1.04,488.0,0.8,0.9,1.0,1.0,221.0
2023-01-23 21:32:59.452522,0.19,0.53,490.0,0.8,0.9,1.0,1.0,221.0
2023-01-23 21:33:04.477658,0.19,1.14,492.0,0.8,0.9,0.9,1.0,221.0
2023-01-23 21:33:09.503712,0.19,0.85,493.0,0.8,0.9,0.9,1.0,221.0
2023-01-23 21:33:14.531168,0.18,0.85,495.0,0.8,0.9,0.9,1.0,221.0
2023-01-23 21:33:19.556341,0.21,0.85,496.0,0.7,0.8,0.9,1.0,222.0
2023-01-23 21:33:24.582942,0.18,0.85,497.0,0.8,0.8,0.9,1.0,222.0
2023-01-23 21:33:29.607749,0.17,1.04,499.0,0.9,0.8,1.0,1.0,222.0
2023-01-23 21:33:34.632269,0.19,0.76,499.0,1.0,1.1,1.0,1.0,222.0
2023-01-23 21:33:39.656890,0.18,0.76,499.0,1.0,1.1,1.2,1.0,222.0
2023-01-23 21:33:44.682814,0.19,0.76,499.0,0.9,1.0,1.1,1.0,222.0
2023-01-23 21:33:49.706366,0.18,0.76,499.0,0.9,1.0,1.1,1.0,222.0
2023-01-23 21:33:54.731513,0.15,0.53,499.0,0.9,1.0,1.1,1.0,222.0
2023-01-23 21:33:59.757986,0.18,0.85,499.0,0.9,1.0,1.1,1.0,222.0
2023-01-23 21:34:04.782686,0.18,0.68,499.0,0.9,1.0,1.1,1.0,222.0
2023-01-23 21:34:09.806829,0.2,0.68,497.0,1.0,1.0,1.1,1.0,222.0
2023-01-23 21:34:14.832000,0.18,0.6,497.0,0.9,1.0,1.1,1.0,222.0
2023-01-23 21:34:19.856723,0.19,0.53,496.0,0.9,1.0,1.1,1.0,222.0
2023-01-23 21:34:24.884077,0.19,0.85,496.0,0.9,1.0,1.1,1.0,222.0
2023-01-23 21:34:29.909980,0.19,0.76,497.0,0.8,0.9,1.1,1.0,222.0
2023-01-23 21:34:34.934357,0.19,0.76,496.0,0.8,0.9,1.1,1.0,222.0
2023-01-23 21:34:39.959536,0.19,0.39,495.0,0.8,0.9,1.1,1.0,222.0
2023-01-23 21:34:44.984734,0.18,0.85,493.0,0.7,0.8,1.1,1.0,222.0
2023-01-23 21:34:50.006705,0.19,0.76,492.0,0.7,0.8,1.1,1.0,223.0
2023-01-23 21:34:55.030598,0.17,0.68,493.0,0.9,1.0,1.1,1.0,223.0
2023-01-23 21:35:00.055564,0.19,0.76,495.0,1.0,1.1,1.1,1.0,223.0
2023-01-23 21:35:05.083921,0.19,0.94,495.0,1.0,1.1,1.1,1.0,223.0
2023-01-23 21:35:10.109050,0.19,0.85,495.0,0.9,1.1,1.1,1.0,222.0
2023-01-23 21:35:15.131354,0.19,0.68,495.0,0.9,1.1,1.1,1.0,222.0
2023-01-23 21:35:20.154905,0.19,1.14,493.0,0.9,1.1,1.1,1.0,222.0
2023-01-23 21:35:25.180435,0.18,0.6,495.0,1.0,1.1,1.1,1.0,222.0
2023-01-23 21:35:30.205559,0.16,0.6,496.0,1.0,1.1,1.1,1.0,222.0
2023-01-23 21:35:35.228635,0.17,0.76,497.0,1.0,1.1,1.1,1.0,222.0
2023-01-23 21:35:40.255613,0.19,0.76,497.0,1.0,1.1,1.1,1.0,222.0
2023-01-23 21:35:45.281773,0.19,0.94,497.0,1.0,1.1,1.1,1.0,223.0
2023-01-23 21:35:50.309248,0.19,0.53,495.0,1.0,1.1,1.1,1.0,223.0
2023-01-23 21:35:55.333580,0.18,0.68,501.0,0.9,1.1,1.1,1.0,223.0
2023-01-23 21:36:00.357447,0.17,0.76,502.0,0.8,1.1,1.1,1.0,223.0
2023-01-23 21:36:05.381634,0.19,0.94,501.0,0.7,0.8,1.1,1.0,223.0
2023-01-23 21:36:10.406092,0.17,0.94,501.0,0.8,0.8,1.1,1.0,223.0
2023-01-23 21:36:15.432382,0.17,0.76,501.0,0.8,0.8,1.1,1.0,223.0
2023-01-23 21:36:20.456198,0.18,0.6,501.0,0.8,0.8,1.1,1.0,223.0
2023-01-23 21:36:25.481546,0.19,0.85,501.0,0.8,0.8,1.1,1.0,223.0
2023-01-23 21:36:30.507639,0.2,0.94,502.0,0.8,0.8,1.1,1.0,223.0
2023-01-23 21:36:35.532706,0.18,0.76,502.0,0.8,0.8,1.1,1.0,223.0
2023-01-23 21:36:40.556222,0.19,0.94,502.0,0.7,0.8,1.1,1.0,223.0
2023-01-23 21:36:45.582610,0.16,0.53,502.0,0.8,0.8,1.1,1.0,223.0
2023-01-23 21:36:50.606040,0.17,0.6,502.0,0.7,0.8,1.1,1.0,223.0
2023-01-23 21:36:55.631320,0.19,0.76,502.0,0.7,0.8,1.1,1.0,223.0
2023-01-23 21:37:00.656791,0.18,0.53,502.0,0.8,0.8,1.1,1.0,223.0
2023-01-23 21:37:05.683731,0.19,0.76,504.0,0.9,0.8,1.1,1.0,223.0
2023-01-23 21:37:10.707183,0.19,0.68,502.0,0.9,0.8,1.1,1.0,223.0
2023-01-23 21:37:15.731817,0.18,0.85,502.0,0.9,1.0,1.1,1.0,223.0
2023-01-23 21:37:20.756862,0.18,0.76,501.0,1.0,1.0,1.1,1.0,223.0
2023-01-23 21:37:25.782372,0.18,0.94,500.0,1.0,1.0,1.1,1.0,223.0
2023-01-23 21:37:30.807761,0.18,0.85,497.0,0.9,1.0,1.1,1.0,223.0
2023-01-23 21:37:35.832285,0.16,0.94,496.0,0.9,1.0,1.1,1.0,223.0
2023-01-23 21:37:40.859927,0.19,0.6,496.0,1.0,1.1,1.1,1.0,223.0
2023-01-23 21:37:45.884100,0.16,0.76,495.0,1.1,1.1,1.1,1.0,223.0
2023-01-23 21:37:50.908924,0.21,0.6,495.0,1.0,1.1,1.1,1.0,223.0
2023-01-23 21:37:55.933794,0.19,1.14,495.0,1.0,1.1,1.1,1.0,223.0
2023-01-23 21:38:00.957562,0.17,0.76,495.0,0.9,1.0,1.1,1.0,223.0
2023-01-23 21:38:05.987058,0.19,0.76,496.0,1.0,1.0,1.1,1.0,223.0
2023-01-23 21:38:11.006913,0.16,0.53,497.0,1.1,1.0,1.1,1.0,223.0
2023-01-23 21:38:16.032074,0.19,0.85,499.0,1.0,1.1,1.1,1.0,223.0
2023-01-23 21:38:21.057090,0.19,0.39,499.0,0.9,1.0,1.1,1.0,223.0
2023-01-23 21:38:26.085486,0.17,0.68,499.0,0.9,1.0,1.1,1.0,223.0
2023-01-23 21:38:31.111487,0.19,0.94,499.0,0.9,1.0,1.1,1.0,223.0
2023-01-23 21:38:36.137063,0.16,0.76,499.0,1.0,1.0,1.1,1.0,223.0
2023-01-23 21:38:41.162452,0.19,0.76,499.0,1.0,1.0,1.1,1.0,223.0
2023-01-23 21:38:46.187253,0.16,0.53,500.0,1.0,1.0,1.1,1.0,223.0
2023-01-23 21:38:51.214012,0.18,0.6,500.0,1.0,1.0,1.1,1.0,223.0
2023-01-23 21:38:56.239120,0.16,0.94,499.0,0.9,1.0,1.1,1.0,223.0
2023-01-23 21:39:01.264121,0.18,1.14,499.0,0.9,1.0,1.1,1.0,223.0
2023-01-23 21:39:06.289498,0.19,0.76,499.0,0.8,0.9,1.1,1.0,223.0
2023-01-23 21:39:11.314554,0.18,0.53,499.0,0.9,0.9,1.1,1.0,223.0
2023-01-23 21:39:16.339857,0.16,0.68,499.0,0.9,0.9,1.1,1.0,223.0
2023-01-23 21:39:21.364986,0.18,0.46,499.0,0.9,0.9,1.1,1.0,223.0
2023-01-23 21:39:26.390238,0.18,0.76,499.0,0.9,1.0,1.1,1.0,223.0
2023-01-23 21:39:31.413864,0.18,0.85,499.0,0.9,1.0,1.1,1.0,223.0
2023-01-23 21:39:36.438365,0.18,0.76,499.0,1.0,1.0,1.1,1.0,223.0
2023-01-23 21:39:41.462476,0.19,0.85,499.0,1.0,1.0,1.1,1.0,223.0
2023-01-23 21:39:46.486451,0.17,0.39,499.0,1.0,1.0,1.1,1.0,224.0
2023-01-23 21:39:51.511604,0.16,0.68,499.0,0.9,1.0,1.1,1.0,224.0
2023-01-23 21:39:56.537622,0.17,0.6,499.0,0.8,0.9,1.1,1.0,224.0
2023-01-23 21:40:01.565218,0.18,0.68,499.0,0.8,0.9,1.1,1.0,223.0
2023-01-23 21:40:06.589882,0.19,0.68,499.0,0.8,0.9,1.1,1.0,223.0
2023-01-23 21:40:11.611713,0.18,0.46,499.0,0.7,0.8,1.1,1.0,223.0
2023-01-23 21:40:16.636700,0.17,0.6,499.0,0.8,0.8,1.1,1.0,223.0
2023-01-23 21:40:21.662924,0.18,0.94,499.0,0.8,0.8,1.1,1.0,223.0
2023-01-23 21:40:26.688681,0.16,0.85,499.0,0.7,0.8,1.1,1.0,224.0
2023-01-23 21:40:31.711002,0.17,0.6,499.0,0.8,0.8,1.1,1.0,224.0
2023-01-23 21:40:36.740356,0.16,0.94,500.0,0.8,0.8,1.1,1.0,224.0
2023-01-23 21:40:41.763203,0.18,0.76,500.0,0.8,0.8,1.1,1.0,224.0
2023-01-23 21:40:46.789597,0.2,0.53,501.0,0.7,0.8,1.1,1.0,224.0
2023-01-23 21:40:51.814546,0.18,0.46,501.0,0.7,0.8,1.1,1.0,224.0
2023-01-23 21:40:56.839723,0.19,0.85,501.0,0.9,0.8,1.1,1.0,224.0
2023-01-23 21:41:01.865916,0.17,0.68,501.0,1.0,1.1,1.1,1.0,224.0
2023-01-23 21:41:06.891292,0.19,0.76,501.0,1.0,1.1,1.1,1.0,224.0
2023-01-23 21:41:11.916125,0.18,0.6,500.0,1.0,1.1,1.1,1.0,223.0
2023-01-23 21:41:16.940236,0.19,1.04,500.0,1.0,1.1,1.1,1.0,223.0
2023-01-23 21:41:21.966288,0.19,0.68,500.0,1.0,1.1,1.1,1.0,223.0
2023-01-23 21:41:26.991711,0.18,0.85,500.0,1.0,1.1,1.1,1.0,223.0
2023-01-23 21:41:32.012861,0.18,0.85,500.0,0.9,1.0,1.1,1.0,223.0
2023-01-23 21:41:37.037237,0.18,1.04,500.0,0.9,1.0,1.1,1.0,223.0
2023-01-23 21:41:42.061166,0.18,0.68,500.0,0.9,1.0,1.1,1.0,224.0
2023-01-23 21:41:47.087172,0.16,0.94,501.0,0.8,1.0,1.1,1.0,224.0
2023-01-23 21:41:52.111769,0.18,0.85,501.0,0.8,1.0,1.1,1.0,224.0
2023-01-23 21:41:57.137130,0.18,1.04,501.0,0.9,1.0,1.1,1.0,224.0
2023-01-23 21:42:02.162639,0.17,0.85,501.0,1.1,1.0,1.1,1.0,224.0
2023-01-23 21:42:07.187687,0.18,0.76,501.0,1.2,1.3,1.1,1.0,224.0
2023-01-23 21:42:12.211156,0.18,0.76,501.0,1.3,1.3,1.1,1.0,224.0
2023-01-23 21:42:17.234535,0.19,0.85,500.0,1.3,1.3,1.1,1.0,224.0
2023-01-23 21:42:22.260756,0.18,0.94,500.0,1.2,1.3,1.1,1.0,224.0
2023-01-23 21:42:27.284731,0.16,0.94,499.0,1.2,1.3,1.1,1.0,224.0
2023-01-23 21:42:32.309942,0.19,0.68,496.0,1.1,1.3,1.1,1.0,224.0
2023-01-23 21:42:37.337122,0.18,0.53,495.0,1.0,1.3,1.1,1.0,224.0
2023-01-23 21:42:42.364619,0.16,1.04,495.0,1.0,1.1,1.1,1.0,224.0
2023-01-23 21:42:47.389772,0.18,0.6,495.0,1.1,1.1,1.1,1.0,224.0
2023-01-23 21:42:52.414758,0.19,0.85,495.0,1.2,1.1,1.1,1.0,224.0
2023-01-23 21:42:57.439926,0.19,0.6,496.0,1.2,1.3,1.1,1.0,224.0
2023-01-23 21:43:02.464989,0.17,1.04,497.0,1.2,1.3,1.1,1.0,224.0
2023-01-23 21:43:07.494157,0.17,0.6,497.0,1.0,1.1,1.1,1.0,224.0
2023-01-23 21:43:12.513612,0.18,0.76,497.0,0.9,1.0,1.1,1.0,224.0
2023-01-23 21:43:17.539952,0.16,0.76,500.0,0.9,1.0,1.1,1.0,224.0
2023-01-23 21:43:22.564620,0.19,1.04,500.0,0.9,1.0,1.1,1.0,224.0
2023-01-23 21:43:27.588716,0.18,0.6,500.0,0.9,1.0,1.1,1.0,224.0
2023-01-23 21:43:32.615682,0.19,0.76,500.0,0.9,1.0,1.1,1.0,224.0
2023-01-23 21:43:37.640396,0.19,0.94,500.0,0.9,1.0,1.1,1.0,224.0
2023-01-23 21:43:42.665184,0.18,0.6,501.0,0.9,1.0,1.1,1.0,224.0
2023-01-23 21:43:47.691157,0.17,0.76,500.0,0.9,1.0,1.1,1.0,224.0
2023-01-23 21:43:52.716047,0.19,0.6,501.0,1.0,1.0,1.1,1.0,224.0
2023-01-23 21:43:57.741980,0.18,0.68,500.0,1.0,1.1,1.1,1.0,224.0
2023-01-23 21:44:02.765585,0.18,0.85,501.0,1.0,1.1,1.1,1.0,224.0
2023-01-23 21:44:07.791697,0.15,0.6,500.0,1.0,1.1,1.1,1.0,224.0
2023-01-23 21:44:12.815901,0.18,0.6,500.0,0.9,1.0,1.1,1.0,224.0
2023-01-23 21:44:17.841465,0.18,0.6,500.0,0.9,1.0,1.1,1.0,224.0
2023-01-23 21:44:22.866832,0.16,0.68,500.0,1.0,1.0,1.1,1.0,224.0
2023-01-23 21:44:27.891742,0.19,0.85,500.0,1.0,1.0,1.1,1.0,224.0
2023-01-23 21:44:32.917716,0.18,0.94,500.0,1.0,1.1,1.1,1.0,224.0
2023-01-23 21:44:37.942604,0.19,1.04,499.0,1.0,1.1,1.1,1.0,224.0
2023-01-23 21:44:42.968546,0.19,1.04,499.0,1.0,1.1,1.1,1.0,224.0
2023-01-23 21:44:47.993176,0.17,0.76,499.0,1.0,1.1,1.1,1.0,224.0
2023-01-23 21:44:53.018710,0.19,0.76,499.0,1.0,1.1,1.1,1.0,224.0
2023-01-23 21:44:58.043993,0.18,0.85,500.0,1.0,1.1,1.1,1.0,224.0
2023-01-23 21:45:03.068495,0.18,0.94,500.0,0.9,1.0,1.1,1.0,224.0
2023-01-23 21:45:08.093647,0.16,0.76,500.0,0.9,1.0,1.1,1.0,224.0
2023-01-23 21:45:13.118984,0.18,0.53,500.0,1.0,1.0,1.1,1.0,224.0
2023-01-23 21:45:18.144542,0.19,0.85,501.0,1.0,1.0,1.1,1.0,224.0
2023-01-23 21:45:23.169721,0.16,0.94,502.0,1.0,1.0,1.1,1.0,224.0
2023-01-23 21:45:28.194833,0.18,0.76,502.0,0.9,1.0,1.1,1.0,224.0
2023-01-23 21:45:33.221097,0.18,1.04,504.0,0.9,1.0,1.1,1.0,224.0
2023-01-23 21:45:38.250120,0.17,0.76,502.0,0.9,1.0,1.1,1.0,224.0
2023-01-23 21:45:43.271121,0.18,0.85,501.0,1.0,1.1,1.1,1.0,224.0
2023-01-23 21:45:48.295964,0.19,0.76,501.0,1.0,1.1,1.1,1.0,224.0
2023-01-23 21:45:53.320894,0.18,0.94,500.0,0.9,1.0,1.1,1.0,224.0
2023-01-23 21:45:58.345010,0.18,0.94,500.0,0.9,1.0,1.1,1.0,224.0
2023-01-23 21:46:03.370065,0.18,0.76,500.0,1.1,1.0,1.1,1.0,224.0
2023-01-23 21:46:08.395968,0.18,0.76,501.0,1.1,1.2,1.1,1.0,224.0
2023-01-23 21:46:13.422353,0.18,0.68,501.0,1.2,1.2,1.1,1.0,224.0
2023-01-23 21:46:18.447182,0.17,0.76,502.0,1.2,1.3,1.1,1.0,224.0
2023-01-23 21:46:23.471366,0.18,0.53,502.0,1.2,1.3,1.1,1.0,224.0
2023-01-23 21:46:28.496085,0.15,0.53,504.0,1.1,1.2,1.1,1.0,224.0
2023-01-23 21:46:33.521476,0.16,0.94,505.0,1.0,1.1,1.1,1.0,224.0
2023-01-23 21:46:38.546288,0.16,0.68,506.0,1.1,1.1,1.1,1.0,224.0
2023-01-23 21:46:43.571331,0.16,0.68,507.0,1.1,1.1,1.1,1.0,224.0
2023-01-23 21:46:48.594811,0.18,0.85,507.0,1.0,1.1,1.1,1.0,224.0
2023-01-23 21:46:53.618628,0.18,0.94,506.0,1.1,1.1,1.1,1.0,224.0
2023-01-23 21:46:58.643580,0.19,0.76,505.0,1.0,1.1,1.1,1.0,224.0
2023-01-23 21:47:03.669988,0.17,0.76,505.0,1.1,1.1,1.1,1.0,224.0
2023-01-23 21:47:08.697101,0.18,0.76,505.0,1.0,1.1,1.1,1.0,224.0
2023-01-23 21:47:13.722939,0.19,0.94,505.0,1.0,1.1,1.1,1.0,224.0
2023-01-23 21:47:18.747310,0.16,0.6,504.0,1.0,1.1,1.1,1.0,224.0
2023-01-23 21:47:23.771076,0.19,0.76,505.0,1.0,1.1,1.1,1.0,224.0
2023-01-23 21:47:28.795468,0.18,1.14,505.0,1.0,1.1,1.1,1.0,224.0
2023-01-23 21:47:33.819792,0.18,0.6,505.0,1.1,1.1,1.1,1.0,224.0
2023-01-23 21:47:38.844918,0.18,1.48,505.0,1.1,1.1,1.1,1.0,224.0
2023-01-23 21:47:43.870590,0.17,0.68,505.0,1.1,1.1,1.1,1.0,224.0
2023-01-23 21:47:48.895683,0.18,0.53,505.0,1.0,1.1,1.1,1.0,224.0
2023-01-23 21:47:53.920758,0.16,1.04,505.0,1.0,1.1,1.1,1.0,224.0
2023-01-23 21:47:58.945295,0.16,0.85,506.0,1.0,1.1,1.1,1.0,224.0
2023-01-23 21:48:03.970575,0.18,0.94,506.0,1.0,1.1,1.1,1.0,224.0
2023-01-23 21:48:09.002998,0.16,0.76,505.0,1.1,1.1,1.1,1.0,224.0
2023-01-23 21:48:14.021369,0.19,0.85,504.0,1.1,1.2,1.1,1.0,224.0
2023-01-23 21:48:19.046198,0.17,0.68,504.0,1.2,1.2,1.1,1.0,224.0
2023-01-23 21:48:24.070389,0.17,0.68,502.0,1.2,1.2,1.1,1.0,224.0
2023-01-23 21:48:29.094900,0.16,0.76,502.0,1.2,1.3,1.1,1.0,224.0
2023-01-23 21:48:34.120166,0.19,0.85,502.0,1.2,1.3,1.1,1.0,224.0
2023-01-23 21:48:39.144634,0.15,0.46,502.0,1.2,1.3,1.1,1.0,224.0
2023-01-23 21:48:44.167656,0.18,0.53,501.0,1.0,1.1,1.1,1.0,224.0
2023-01-23 21:48:49.192770,0.19,0.6,501.0,1.0,1.1,1.1,1.0,224.0
2023-01-23 21:48:54.219119,0.17,0.6,502.0,0.9,1.0,1.1,1.0,224.0
2023-01-23 21:48:59.244968,0.19,0.85,502.0,0.8,0.9,1.1,1.0,224.0
2023-01-23 21:49:04.269655,0.2,0.68,502.0,0.8,0.9,1.1,1.0,224.0
2023-01-23 21:49:09.294465,0.16,0.68,502.0,0.9,1.0,1.1,1.0,224.0
2023-01-23 21:49:14.320732,0.18,0.94,502.0,0.9,1.0,1.1,1.0,224.0
2023-01-23 21:49:19.346827,0.17,0.6,502.0,0.9,1.0,1.1,1.0,224.0
2023-01-23 21:49:24.373039,0.18,0.85,502.0,0.8,0.9,1.1,1.0,224.0
2023-01-23 21:49:29.397903,0.17,0.6,502.0,0.8,0.9,1.1,1.0,224.0
2023-01-23 21:49:34.420032,0.18,0.46,502.0,0.9,0.9,1.1,1.0,224.0
2023-01-23 21:49:39.445904,0.18,0.94,502.0,0.9,0.9,1.1,1.0,224.0
2023-01-23 21:49:44.473574,0.18,0.85,502.0,1.0,0.9,1.1,1.0,224.0
2023-01-23 21:49:49.498683,0.18,1.25,502.0,1.0,0.9,1.1,1.0,224.0
2023-01-23 21:49:54.523787,0.16,0.94,502.0,1.0,0.9,1.1,1.0,224.0
2023-01-23 21:49:59.548928,0.18,0.94,502.0,1.0,0.9,1.1,1.0,224.0
2023-01-23 21:50:04.573963,0.18,0.85,502.0,1.0,0.9,1.1,1.0,224.0
2023-01-23 21:50:09.598919,0.18,0.76,502.0,0.9,0.9,1.1,1.0,224.0
2023-01-23 21:50:14.624149,0.19,0.6,502.0,0.9,0.9,1.1,1.0,224.0
2023-01-23 21:50:19.647923,0.19,0.85,502.0,0.9,1.0,1.1,1.0,224.0
2023-01-23 21:50:24.673178,0.18,0.68,502.0,1.0,1.0,1.1,1.0,224.0
2023-01-23 21:50:29.698095,0.19,0.76,502.0,1.0,1.0,1.1,1.0,224.0
2023-01-23 21:50:34.723452,0.18,0.76,502.0,0.9,1.0,1.1,1.0,224.0
2023-01-23 21:50:39.755652,0.19,0.76,502.0,1.0,1.0,1.1,1.0,224.0
2023-01-23 21:50:44.772981,0.19,1.04,502.0,1.0,1.1,1.1,1.0,224.0
2023-01-23 21:50:49.799276,0.16,0.6,502.0,1.0,1.1,1.1,1.0,224.0
2023-01-23 21:50:54.822634,0.18,0.6,502.0,1.0,1.1,1.1,1.0,224.0
2023-01-23 21:50:59.848801,0.18,0.94,502.0,1.0,1.1,1.1,1.0,224.0
2023-01-23 21:51:04.872688,0.15,0.94,504.0,1.0,1.1,1.1,1.0,224.0
2023-01-23 21:51:09.897669,0.18,0.68,504.0,1.0,1.1,1.1,1.0,224.0
2023-01-23 21:51:14.923491,0.18,0.76,504.0,1.0,1.1,1.1,1.0,224.0
2023-01-23 21:51:19.948791,0.18,0.85,505.0,1.1,1.1,1.1,1.0,224.0
2023-01-23 21:51:24.973274,0.18,0.76,505.0,1.0,1.1,1.1,1.0,224.0
2023-01-23 21:51:29.998355,0.17,0.94,504.0,0.9,1.0,1.1,1.0,224.0
2023-01-23 21:51:35.024492,0.18,0.85,504.0,0.9,1.0,1.1,1.0,225.0
2023-01-23 21:51:40.048224,0.18,0.94,504.0,0.9,1.0,1.1,1.0,225.0
2023-01-23 21:51:45.071433,0.19,0.76,502.0,1.0,1.0,1.1,1.0,225.0
2023-01-23 21:51:50.098593,0.18,0.68,502.0,1.0,1.0,1.1,1.0,225.0
2023-01-23 21:51:55.122643,0.15,0.85,502.0,0.9,1.0,1.1,1.0,225.0
2023-01-23 21:52:00.148655,0.18,0.68,501.0,0.9,1.0,1.1,1.0,225.0
2023-01-23 21:52:05.173136,0.18,0.76,501.0,0.9,1.0,1.1,1.0,225.0
2023-01-23 21:52:10.199481,0.19,0.6,502.0,0.9,1.0,1.1,1.0,225.0
2023-01-23 21:52:15.227013,0.18,0.76,504.0,1.1,1.0,1.1,1.0,225.0
2023-01-23 21:52:20.250424,0.18,0.68,504.0,1.1,1.2,1.1,1.0,225.0
2023-01-23 21:52:25.276693,0.19,0.85,504.0,1.1,1.2,1.1,1.0,225.0
2023-01-23 21:52:30.301493,0.18,0.85,505.0,1.0,1.2,1.1,1.0,225.0
2023-01-23 21:52:35.325564,0.18,0.85,506.0,0.9,1.0,1.1,1.0,225.0
2023-01-23 21:52:40.350484,0.18,0.6,506.0,0.9,1.0,1.1,1.0,225.0
2023-01-23 21:52:45.376314,0.18,1.04,506.0,0.9,1.0,1.1,1.0,225.0
2023-01-23 21:52:50.401146,0.18,0.6,506.0,1.0,1.0,1.1,1.0,225.0
2023-01-23 21:52:55.426578,0.16,0.94,505.0,1.0,1.1,1.1,1.0,225.0
2023-01-23 21:53:00.451334,0.18,1.04,504.0,1.1,1.2,1.1,1.0,225.0
2023-01-23 21:53:05.476457,0.19,0.53,502.0,1.3,1.2,1.1,1.0,225.0
2023-01-23 21:53:10.503042,0.18,0.94,501.0,1.2,1.3,1.1,1.0,225.0
2023-01-23 21:53:15.525814,0.19,1.36,500.0,1.2,1.3,1.1,1.0,225.0
2023-01-23 21:53:20.550729,0.16,0.6,500.0,1.0,1.1,1.1,1.0,225.0
2023-01-23 21:53:25.573874,0.17,1.04,501.0,1.0,1.1,1.1,1.0,225.0
2023-01-23 21:53:30.599983,0.18,1.04,501.0,1.0,1.1,1.1,1.0,225.0
2023-01-23 21:53:35.620691,0.19,1.04,502.0,0.9,1.1,1.1,1.0,225.0
2023-01-23 21:53:40.647155,0.17,0.6,504.0,0.9,1.0,1.1,1.0,225.0
2023-01-23 21:53:45.672798,0.19,0.53,505.0,0.9,1.0,1.1,1.0,225.0
2023-01-23 21:53:50.696389,0.18,0.76,506.0,0.9,1.0,1.1,1.0,225.0
2023-01-23 21:53:55.721619,0.16,0.68,506.0,1.1,1.0,1.1,1.0,225.0
2023-01-23 21:54:00.746194,0.18,0.68,506.0,1.2,1.0,1.1,1.0,225.0
2023-01-23 21:54:05.771338,0.19,0.68,506.0,1.2,1.3,1.1,1.0,225.0
2023-01-23 21:54:10.796890,0.17,0.94,506.0,1.1,1.2,1.1,1.0,225.0
2023-01-23 21:54:15.820395,0.18,0.85,506.0,1.1,1.2,1.1,1.0,225.0
2023-01-23 21:54:20.846620,0.19,1.04,506.0,1.0,1.1,1.1,1.0,225.0
2023-01-23 21:54:25.872435,0.17,0.94,506.0,1.0,1.1,1.1,1.0,226.0
2023-01-23 21:54:30.897449,0.16,0.85,505.0,1.0,1.1,1.1,1.0,226.0
2023-01-23 21:54:35.922673,0.19,0.85,505.0,1.0,1.1,1.1,1.0,226.0
2023-01-23 21:54:40.947352,0.18,0.85,506.0,0.9,1.0,1.1,1.0,226.0
2023-01-23 21:54:45.973476,0.18,0.94,506.0,0.9,1.0,1.0,1.0,226.0
2023-01-23 21:54:50.998684,0.18,0.94,507.0,0.9,1.0,1.0,1.0,226.0
2023-01-23 21:54:56.024773,0.15,0.76,507.0,1.0,1.0,1.0,1.0,226.0
2023-01-23 21:55:01.048076,0.16,0.85,507.0,1.0,1.0,1.0,1.0,226.0
2023-01-23 21:55:06.073279,0.16,0.76,506.0,1.0,1.0,1.0,1.0,226.0
2023-01-23 21:55:11.097686,0.18,0.68,505.0,0.9,1.0,1.0,1.0,226.0
2023-01-23 21:55:16.122906,0.18,0.85,505.0,0.9,1.0,1.0,1.0,226.0
2023-01-23 21:55:21.149084,0.18,0.85,504.0,1.0,1.0,1.0,1.0,226.0
2023-01-23 21:55:26.172907,0.19,0.94,504.0,1.0,1.0,1.0,1.0,226.0
2023-01-23 21:55:31.198760,0.18,0.94,504.0,1.0,1.0,1.0,1.0,226.0
2023-01-23 21:55:36.223446,0.17,0.46,502.0,1.0,1.0,1.0,1.0,227.0
2023-01-23 21:55:41.251136,0.18,0.94,502.0,1.0,1.0,1.0,1.0,227.0
2023-01-23 21:55:46.273565,0.16,0.85,502.0,1.1,1.0,1.0,1.0,227.0
2023-01-23 21:55:51.298841,0.17,1.25,502.0,1.0,1.1,1.0,1.0,227.0
2023-01-23 21:55:56.325092,0.19,0.6,504.0,1.0,1.1,1.0,1.0,227.0
2023-01-23 21:56:01.351687,0.18,0.39,505.0,1.0,1.1,1.0,1.0,227.0
2023-01-23 21:56:06.376617,0.19,0.68,505.0,1.0,1.1,1.0,1.0,227.0
2023-01-23 21:56:11.403076,0.18,0.53,505.0,1.0,1.1,1.0,1.0,227.0
2023-01-23 21:56:16.426821,0.19,0.68,505.0,1.0,1.1,1.0,1.0,227.0
2023-01-23 21:56:21.451967,0.16,0.85,505.0,1.0,1.1,1.0,1.0,227.0
2023-01-23 21:56:26.477934,0.18,1.04,506.0,1.1,1.2,1.0,1.0,227.0
2023-01-23 21:56:31.505337,0.19,1.04,506.0,1.1,1.2,1.0,1.0,227.0
2023-01-23 21:56:36.527187,0.17,1.04,507.0,1.2,1.2,1.0,1.0,227.0
2023-01-23 21:56:41.553517,0.17,0.6,509.0,1.1,1.2,1.0,1.0,227.0
2023-01-23 21:56:46.581136,0.18,0.76,510.0,1.0,1.1,1.0,1.0,227.0
2023-01-23 21:56:51.604974,0.18,1.04,513.0,1.0,1.1,1.0,1.0,227.0
2023-01-23 21:56:56.630238,0.18,0.76,514.0,1.0,1.1,1.0,1.0,227.0
2023-01-23 21:57:01.656783,0.18,0.94,514.0,0.9,1.0,1.0,1.0,227.0
2023-01-23 21:57:06.682008,0.18,0.94,514.0,0.9,1.0,1.0,1.0,227.0
2023-01-23 21:57:11.707148,0.18,1.04,513.0,1.0,1.0,1.0,1.0,228.0
2023-01-23 21:57:16.732456,0.18,0.94,513.0,1.0,1.0,1.0,1.0,228.0
2023-01-23 21:57:21.756878,0.18,1.04,511.0,0.9,1.0,1.0,1.0,228.0
2023-01-23 21:57:26.783260,0.16,0.68,510.0,0.9,1.0,1.0,1.0,228.0
2023-01-23 21:57:31.807660,0.16,0.94,510.0,0.9,1.0,1.0,1.0,228.0
2023-01-23 21:57:36.832232,0.15,0.68,510.0,0.9,1.0,1.0,1.0,228.0
2023-01-23 21:57:41.855872,0.18,0.85,511.0,0.9,1.0,1.0,1.0,228.0
2023-01-23 21:57:46.881788,0.19,0.85,511.0,0.8,0.9,1.0,1.0,228.0
2023-01-23 21:57:51.906593,0.16,0.85,258.0,0.8,0.9,1.0,1.0,228.0
2023-01-23 21:57:56.933235,0.18,0.68,516.0,0.8,0.9,1.0,1.0,228.0
